id,produto,categoria,pergunta,resposta,intencao,tags,canal_recomendado,prioridade,status,observacoes
SAUDE-FAQ-001,Seguro de Saúde,Adesão e Elegibilidade,Quem pode aderir ao seguro de saúde?,"Podem aderir pessoas singulares, famílias ou colaboradores de empresas, conforme as condições da apólice e critérios de aceitação da seguradora.",adesao_e_elegibilidade,adesão,Balcão / Mediador / Portal,Média,Activo,Resposta genérica; adaptar às condições gerais e particulares da seguradora.
SAUDE-FAQ-002,Seguro de Saúde,Adesão e Elegibilidade,É possível incluir dependentes na apólice?,"Sim. Normalmente podem ser incluídos cônjuge, filhos e outros dependentes elegíveis, mediante apresentação dos documentos solicitados.",adesao_e_elegibilidade,adesão;dependentes;apólice,Balcão / Mediador / Portal,Média,Activo,Resposta genérica; adaptar às condições gerais e particulares da seguradora.
SAUDE-FAQ-003,Seguro de Saúde,Adesão e Elegibilidade,Existe idade mínima ou máxima para contratar?,"Pode existir limite de idade para entrada ou renovação, dependendo do plano contratado e das regras de subscrição.",adesao_e_elegibilidade,adesão,Balcão / Mediador / Portal,Média,Activo,Resposta genérica; adaptar às condições gerais e particulares da seguradora.
SAUDE-FAQ-004,Seguro de Saúde,Adesão e Elegibilidade,Posso contratar seguro de saúde para a minha família?,"Sim. Existem planos familiares que permitem incluir vários membros na mesma apólice, com prémio ajustado ao perfil do agregado.",adesao_e_elegibilidade,adesão,Balcão / Mediador / Portal,Média,Activo,Resposta genérica; adaptar às condições gerais e particulares da seguradora.
SAUDE-FAQ-005,Seguro de Saúde,Adesão e Elegibilidade,Que documentos são necessários para aderir?,"Geralmente são necessários documento de identificação, dados de contacto, formulário de adesão e, quando aplicável, questionário de saúde.",adesao_e_elegibilidade,adesão,Balcão / Mediador / Portal,Média,Activo,Resposta genérica; adaptar às condições gerais e particulares da seguradora.
SAUDE-FAQ-006,Seguro de Saúde,Adesão e Elegibilidade,A seguradora pode recusar a adesão?,Sim. A recusa pode ocorrer quando o risco não se enquadra nos critérios de aceitação ou quando há omissão de informação relevante.,adesao_e_elegibilidade,adesão,Balcão / Mediador / Portal,Média,Activo,Resposta genérica; adaptar às condições gerais e particulares da seguradora.
SAUDE-FAQ-007,Seguro de Saúde,Adesão e Elegibilidade,O seguro começa a valer logo após a contratação?,"A cobertura inicia na data indicada nas condições particulares, mas algumas garantias podem estar sujeitas a períodos de carência.",adesao_e_elegibilidade,adesão,Balcão / Mediador / Portal,Média,Activo,Resposta genérica; adaptar às condições gerais e particulares da seguradora.
SAUDE-FAQ-008,Seguro de Saúde,Adesão e Elegibilidade,Posso mudar de plano depois de aderir?,"Sim, em muitos casos é possível solicitar alteração de plano, sujeita à análise da seguradora e às regras de renovação.",adesao_e_elegibilidade,adesão,Balcão / Mediador / Portal,Média,Activo,Resposta genérica; adaptar às condições gerais e particulares da seguradora.
SAUDE-FAQ-009,Seguro de Saúde,Adesão e Elegibilidade,É obrigatório fazer exames médicos antes da adesão?,"Nem sempre. A seguradora pode solicitar exames ou informação clínica adicional dependendo da idade, capital seguro ou histórico de saúde.",adesao_e_elegibilidade,adesão;exames,Balcão / Mediador / Portal,Média,Activo,Resposta genérica; adaptar às condições gerais e particulares da seguradora.
SAUDE-FAQ-010,Seguro de Saúde,Adesão e Elegibilidade,O seguro individual é diferente do seguro empresarial?,"Sim. O seguro empresarial é contratado por uma entidade para os seus colaboradores e pode ter condições, prémios e coberturas específicas.",adesao_e_elegibilidade,adesão,Balcão / Mediador / Portal,Média,Activo,Resposta genérica; adaptar às condições gerais e particulares da seguradora.
SAUDE-FAQ-011,Seguro de Saúde,Coberturas,O que cobre um seguro de saúde?,"Cobre despesas médicas previstas na apólice, como consultas, exames, internamento, medicamentos, maternidade ou estomatologia, conforme o plano contratado.",consulta_cobertura,cobertura,Linha de Apoio / Portal,Média,Activo,Resposta genérica; adaptar às condições gerais e particulares da seguradora.
SAUDE-FAQ-012,Seguro de Saúde,Coberturas,Consultas médicas estão incluídas?,"Sim, se a garantia de consultas fizer parte do plano. A comparticipação pode variar conforme a rede e o limite anual.",consulta_cobertura,cobertura;consulta,Linha de Apoio / Portal,Média,Activo,Resposta genérica; adaptar às condições gerais e particulares da seguradora.
SAUDE-FAQ-013,Seguro de Saúde,Coberturas,Exames laboratoriais e de diagnóstico estão cobertos?,"Sim, quando prescritos por médico e incluídos nas garantias contratadas, respeitando limites, franquias e autorizações exigidas.",consulta_cobertura,cobertura;exames,Linha de Apoio / Portal,Média,Activo,Resposta genérica; adaptar às condições gerais e particulares da seguradora.
SAUDE-FAQ-014,Seguro de Saúde,Coberturas,O seguro cobre internamento hospitalar?,"Sim, caso a garantia de internamento esteja incluída. Pode exigir pré-autorização e estar sujeita a capital máximo anual.",consulta_cobertura,cobertura;internamento,Linha de Apoio / Portal,Média,Activo,Resposta genérica; adaptar às condições gerais e particulares da seguradora.
SAUDE-FAQ-015,Seguro de Saúde,Coberturas,Medicamentos são reembolsáveis?,Podem ser reembolsáveis quando a cobertura de medicamentos está incluída e mediante apresentação de receita médica e comprovativo de pagamento.,consulta_cobertura,cobertura;medicamentos,Linha de Apoio / Portal,Média,Activo,Resposta genérica; adaptar às condições gerais e particulares da seguradora.
SAUDE-FAQ-016,Seguro de Saúde,Coberturas,O seguro cobre cirurgia?,"Sim, se a cirurgia estiver clinicamente indicada, prevista nas coberturas e autorizada conforme as regras da apólice.",consulta_cobertura,cobertura,Linha de Apoio / Portal,Média,Activo,Resposta genérica; adaptar às condições gerais e particulares da seguradora.
SAUDE-FAQ-017,Seguro de Saúde,Coberturas,A maternidade está coberta?,"Pode estar coberta em planos específicos, geralmente sujeita a período de carência e limites próprios.",consulta_cobertura,cobertura;maternidade,Linha de Apoio / Portal,Média,Activo,Resposta genérica; adaptar às condições gerais e particulares da seguradora.
SAUDE-FAQ-018,Seguro de Saúde,Coberturas,Vacinas estão incluídas?,"Alguns planos cobrem vacinas recomendadas ou obrigatórias, mediante limites e condições descritos na apólice.",consulta_cobertura,cobertura,Linha de Apoio / Portal,Média,Activo,Resposta genérica; adaptar às condições gerais e particulares da seguradora.
SAUDE-FAQ-019,Seguro de Saúde,Coberturas,O seguro cobre fisioterapia?,"Pode cobrir fisioterapia quando prescrita por médico e incluída no plano, respeitando o número de sessões e limites definidos.",consulta_cobertura,cobertura,Linha de Apoio / Portal,Média,Activo,Resposta genérica; adaptar às condições gerais e particulares da seguradora.
SAUDE-FAQ-020,Seguro de Saúde,Coberturas,Saúde mental está coberta?,"Alguns planos incluem consultas de psicologia ou psiquiatria, com limites específicos por ano ou por sessão.",consulta_cobertura,cobertura,Linha de Apoio / Portal,Média,Activo,Resposta genérica; adaptar às condições gerais e particulares da seguradora.
SAUDE-FAQ-021,Seguro de Saúde,Coberturas,O seguro cobre doenças crónicas?,Pode cobrir acompanhamento de doenças crónicas se não forem excluídas ou consideradas pré-existentes não aceites na apólice.,consulta_cobertura,cobertura,Linha de Apoio / Portal,Média,Activo,Resposta genérica; adaptar às condições gerais e particulares da seguradora.
SAUDE-FAQ-022,Seguro de Saúde,Coberturas,Emergências médicas estão cobertas?,"Sim, quando relacionadas com situações súbitas e imprevistas, dentro dos limites e condições do plano.",consulta_cobertura,cobertura;emergência,Linha de Apoio / Portal,Média,Activo,Resposta genérica; adaptar às condições gerais e particulares da seguradora.
SAUDE-FAQ-023,Seguro de Saúde,Coberturas,O seguro cobre tratamento dentário?,"Apenas se a apólice incluir cobertura de estomatologia ou medicina dentária, normalmente com rede e limites próprios.",consulta_cobertura,cobertura,Linha de Apoio / Portal,Média,Activo,Resposta genérica; adaptar às condições gerais e particulares da seguradora.
SAUDE-FAQ-024,Seguro de Saúde,Coberturas,Óculos e lentes estão incluídos?,"Podem estar incluídos em planos com cobertura de oftalmologia, sujeitos a franquias, limites e periodicidade.",consulta_cobertura,cobertura,Linha de Apoio / Portal,Média,Activo,Resposta genérica; adaptar às condições gerais e particulares da seguradora.
SAUDE-FAQ-025,Seguro de Saúde,Coberturas,O seguro cobre consultas de especialidade?,"Sim, quando a cobertura de consultas está ativa e o prestador pertence à rede ou quando há direito a reembolso fora da rede.",consulta_cobertura,cobertura;consulta,Linha de Apoio / Portal,Média,Activo,Resposta genérica; adaptar às condições gerais e particulares da seguradora.
SAUDE-FAQ-026,Seguro de Saúde,Exclusões,O que normalmente não está coberto?,"Tratamentos estéticos, atos não prescritos, doenças pré-existentes não aceites, despesas fora das condições da apólice e situações excluídas expressamente.",consulta_exclusao,exclusões,Linha de Apoio / Condições Gerais,Média,Activo,Resposta genérica; adaptar às condições gerais e particulares da seguradora.
SAUDE-FAQ-027,Seguro de Saúde,Exclusões,Tratamentos estéticos são cobertos?,"Normalmente não, salvo quando sejam necessários por acidente ou indicação clínica coberta pela apólice.",consulta_exclusao,exclusões,Linha de Apoio / Condições Gerais,Média,Activo,Resposta genérica; adaptar às condições gerais e particulares da seguradora.
SAUDE-FAQ-028,Seguro de Saúde,Exclusões,Doenças pré-existentes estão excluídas?,"Podem estar excluídas ou sujeitas a aceitação especial, agravamento de prémio ou período de carência.",consulta_exclusao,exclusões,Linha de Apoio / Condições Gerais,Média,Activo,Resposta genérica; adaptar às condições gerais e particulares da seguradora.
SAUDE-FAQ-029,Seguro de Saúde,Exclusões,Automedicação é reembolsada?,Normalmente não. Medicamentos costumam exigir receita médica e enquadramento na cobertura contratada.,consulta_exclusao,exclusões,Linha de Apoio / Condições Gerais,Média,Activo,Resposta genérica; adaptar às condições gerais e particulares da seguradora.
SAUDE-FAQ-030,Seguro de Saúde,Exclusões,Tratamentos experimentais são cobertos?,"Geralmente não são cobertos tratamentos experimentais, não reconhecidos cientificamente ou não autorizados pelas autoridades competentes.",consulta_exclusao,exclusões,Linha de Apoio / Condições Gerais,Média,Activo,Resposta genérica; adaptar às condições gerais e particulares da seguradora.
SAUDE-FAQ-031,Seguro de Saúde,Exclusões,Despesas sem recibo são aceites?,"Não. Para reembolso é necessário apresentar comprovativos válidos, como fatura, recibo e prescrição médica quando aplicável.",consulta_exclusao,exclusões,Linha de Apoio / Condições Gerais,Média,Activo,Resposta genérica; adaptar às condições gerais e particulares da seguradora.
SAUDE-FAQ-032,Seguro de Saúde,Exclusões,Lesões causadas por prática desportiva profissional estão cobertas?,"Podem estar excluídas ou exigir cobertura específica, conforme o tipo de desporto e as condições da apólice.",consulta_exclusao,exclusões,Linha de Apoio / Condições Gerais,Média,Activo,Resposta genérica; adaptar às condições gerais e particulares da seguradora.
SAUDE-FAQ-033,Seguro de Saúde,Exclusões,Tratamentos fora do país estão cobertos?,"Apenas se o plano tiver cobertura internacional ou assistência em viagem, respeitando limites e procedimentos definidos.",consulta_exclusao,exclusões,Linha de Apoio / Condições Gerais,Média,Activo,Resposta genérica; adaptar às condições gerais e particulares da seguradora.
SAUDE-FAQ-034,Seguro de Saúde,Exclusões,Check-ups sem indicação médica são cobertos?,"Podem não estar cobertos, salvo quando o plano inclui medicina preventiva ou pacote anual de check-up.",consulta_exclusao,exclusões,Linha de Apoio / Condições Gerais,Média,Activo,Resposta genérica; adaptar às condições gerais e particulares da seguradora.
SAUDE-FAQ-035,Seguro de Saúde,Exclusões,Despesas anteriores ao início da apólice são cobertas?,Não. O seguro cobre apenas eventos ocorridos após a data de início da cobertura e cumpridos os períodos de carência.,consulta_exclusao,exclusões;apólice,Linha de Apoio / Condições Gerais,Média,Activo,Resposta genérica; adaptar às condições gerais e particulares da seguradora.
SAUDE-FAQ-036,Seguro de Saúde,Rede de Prestadores,O que é rede convencionada?,"É o conjunto de clínicas, hospitais, laboratórios e médicos com acordo com a seguradora para prestar serviços em condições negociadas.",rede_prestadores,rede;prestador,Aplicativo / Portal / Linha de Apoio,Média,Activo,Resposta genérica; adaptar às condições gerais e particulares da seguradora.
SAUDE-FAQ-037,Seguro de Saúde,Rede de Prestadores,Como encontro uma clínica da rede?,"Pode consultar a lista de prestadores no site, aplicativo, linha de apoio ou através do mediador da seguradora.",rede_prestadores,rede;prestador,Aplicativo / Portal / Linha de Apoio,Média,Activo,Resposta genérica; adaptar às condições gerais e particulares da seguradora.
SAUDE-FAQ-038,Seguro de Saúde,Rede de Prestadores,Posso ir a um médico fora da rede?,Depende do plano. Alguns permitem reembolso fora da rede; outros apenas cobrem serviços prestados na rede convencionada.,rede_prestadores,rede;prestador,Aplicativo / Portal / Linha de Apoio,Média,Activo,Resposta genérica; adaptar às condições gerais e particulares da seguradora.
SAUDE-FAQ-039,Seguro de Saúde,Rede de Prestadores,O atendimento na rede exige pagamento?,"Pode exigir copagamento, franquia ou pagamento de parte da despesa, conforme o plano e o tipo de serviço.",rede_prestadores,rede;prestador;pagamento,Aplicativo / Portal / Linha de Apoio,Média,Activo,Resposta genérica; adaptar às condições gerais e particulares da seguradora.
SAUDE-FAQ-040,Seguro de Saúde,Rede de Prestadores,A lista de prestadores pode mudar?,"Sim. A rede pode ser atualizada periodicamente, por isso é recomendável confirmar antes de marcar consulta.",rede_prestadores,rede;prestador,Aplicativo / Portal / Linha de Apoio,Média,Activo,Resposta genérica; adaptar às condições gerais e particulares da seguradora.
SAUDE-FAQ-041,Seguro de Saúde,Rede de Prestadores,Preciso de autorização para usar a rede?,"Para consultas simples normalmente não, mas internamentos, cirurgias e exames complexos podem exigir pré-autorização.",rede_prestadores,rede;prestador;autorização,Aplicativo / Portal / Linha de Apoio,Média,Activo,Resposta genérica; adaptar às condições gerais e particulares da seguradora.
SAUDE-FAQ-042,Seguro de Saúde,Rede de Prestadores,O cartão do seguro é obrigatório na rede?,Normalmente sim. O cartão físico ou digital ajuda a identificar o segurado e aplicar as condições acordadas.,rede_prestadores,rede;prestador,Aplicativo / Portal / Linha de Apoio,Média,Activo,Resposta genérica; adaptar às condições gerais e particulares da seguradora.
SAUDE-FAQ-043,Seguro de Saúde,Rede de Prestadores,"Se o prestador negar atendimento, o que faço?",Contacte imediatamente a linha de apoio da seguradora para confirmação de elegibilidade e orientação sobre alternativas.,rede_prestadores,rede;prestador,Aplicativo / Portal / Linha de Apoio,Média,Activo,Resposta genérica; adaptar às condições gerais e particulares da seguradora.
SAUDE-FAQ-044,Seguro de Saúde,Rede de Prestadores,Posso escolher qualquer hospital da rede?,"Sim, desde que o hospital esteja habilitado para o serviço pretendido e a cobertura esteja ativa.",rede_prestadores,rede;prestador,Aplicativo / Portal / Linha de Apoio,Média,Activo,Resposta genérica; adaptar às condições gerais e particulares da seguradora.
SAUDE-FAQ-045,Seguro de Saúde,Rede de Prestadores,A rede cobre todas as províncias?,A abrangência depende da seguradora e do plano. Deve consultar a lista atualizada de prestadores disponíveis por localização.,rede_prestadores,rede;prestador,Aplicativo / Portal / Linha de Apoio,Média,Activo,Resposta genérica; adaptar às condições gerais e particulares da seguradora.
SAUDE-FAQ-046,Seguro de Saúde,Reembolso,Como peço reembolso de despesas médicas?,"Submeta a fatura, recibo, prescrição médica e relatório clínico quando necessário, dentro do prazo definido pela apólice.",pedido_reembolso,reembolso,Portal / Aplicativo / Email,Alta,Activo,Resposta genérica; adaptar às condições gerais e particulares da seguradora.
SAUDE-FAQ-047,Seguro de Saúde,Reembolso,Qual é o prazo para solicitar reembolso?,"O prazo varia por seguradora, mas costuma estar definido nas condições gerais ou particulares da apólice.",pedido_reembolso,reembolso,Portal / Aplicativo / Email,Alta,Activo,Resposta genérica; adaptar às condições gerais e particulares da seguradora.
SAUDE-FAQ-048,Seguro de Saúde,Reembolso,Quanto tempo demora o reembolso?,"Após receção da documentação completa, o pagamento é processado dentro do prazo operacional definido pela seguradora.",pedido_reembolso,reembolso,Portal / Aplicativo / Email,Alta,Activo,Resposta genérica; adaptar às condições gerais e particulares da seguradora.
SAUDE-FAQ-049,Seguro de Saúde,Reembolso,Posso receber reembolso por consulta fora da rede?,"Sim, se o plano permitir atendimento fora da rede e se a despesa estiver enquadrada nas coberturas contratadas.",pedido_reembolso,consulta;rede;reembolso,Portal / Aplicativo / Email,Alta,Activo,Resposta genérica; adaptar às condições gerais e particulares da seguradora.
SAUDE-FAQ-050,Seguro de Saúde,Reembolso,Que documentos são exigidos para reembolso?,"Normalmente fatura, recibo, prescrição médica, relatório clínico, resultados de exames e dados bancários do segurado.",pedido_reembolso,reembolso,Portal / Aplicativo / Email,Alta,Activo,Resposta genérica; adaptar às condições gerais e particulares da seguradora.
SAUDE-FAQ-051,Seguro de Saúde,Reembolso,O reembolso pode ser recusado?,"Sim, quando a despesa não está coberta, falta documentação, há exclusão aplicável ou o pedido é entregue fora do prazo.",pedido_reembolso,reembolso,Portal / Aplicativo / Email,Alta,Activo,Resposta genérica; adaptar às condições gerais e particulares da seguradora.
SAUDE-FAQ-052,Seguro de Saúde,Reembolso,Posso acompanhar o estado do reembolso?,"Sim, através do portal, aplicativo, linha de apoio ou contacto com o mediador, dependendo dos canais disponíveis.",pedido_reembolso,reembolso,Portal / Aplicativo / Email,Alta,Activo,Resposta genérica; adaptar às condições gerais e particulares da seguradora.
SAUDE-FAQ-053,Seguro de Saúde,Reembolso,O reembolso é pago na conta do segurado?,Geralmente sim. O pagamento é feito para a conta bancária indicada e validada pelo segurado.,pedido_reembolso,reembolso,Portal / Aplicativo / Email,Alta,Activo,Resposta genérica; adaptar às condições gerais e particulares da seguradora.
SAUDE-FAQ-054,Seguro de Saúde,Reembolso,Reembolso de medicamentos exige receita?,"Sim, normalmente exige receita médica, fatura discriminada e comprovativo de pagamento.",pedido_reembolso,medicamentos;reembolso,Portal / Aplicativo / Email,Alta,Activo,Resposta genérica; adaptar às condições gerais e particulares da seguradora.
SAUDE-FAQ-055,Seguro de Saúde,Reembolso,Posso submeter documentos digitalizados?,"Sim, se a seguradora aceitar submissão digital. Os originais podem ser solicitados para validação posterior.",pedido_reembolso,reembolso;digital,Portal / Aplicativo / Email,Alta,Activo,Resposta genérica; adaptar às condições gerais e particulares da seguradora.
SAUDE-FAQ-056,Seguro de Saúde,Autorizações,O que é pré-autorização?,"É a aprovação prévia da seguradora para certos atos médicos, como cirurgias, internamentos, exames complexos ou tratamentos de alto custo.",pre_autorizacao,autorização,Portal / Prestador / Linha Clínica,Alta,Activo,Resposta genérica; adaptar às condições gerais e particulares da seguradora.
SAUDE-FAQ-057,Seguro de Saúde,Autorizações,Quando preciso de pré-autorização?,"Normalmente para internamentos, cirurgias, partos, exames especiais, tratamentos prolongados e procedimentos de custo elevado.",pre_autorizacao,autorização,Portal / Prestador / Linha Clínica,Alta,Activo,Resposta genérica; adaptar às condições gerais e particulares da seguradora.
SAUDE-FAQ-058,Seguro de Saúde,Autorizações,Como solicito uma pré-autorização?,"Envie o pedido médico, relatório clínico, orçamento e dados do prestador pelo canal indicado pela seguradora.",pre_autorizacao,autorização,Portal / Prestador / Linha Clínica,Alta,Activo,Resposta genérica; adaptar às condições gerais e particulares da seguradora.
SAUDE-FAQ-059,Seguro de Saúde,Autorizações,Quanto tempo demora uma autorização?,Depende da complexidade clínica e da documentação entregue. Casos urgentes costumam ter tratamento prioritário.,pre_autorizacao,autorização,Portal / Prestador / Linha Clínica,Alta,Activo,Resposta genérica; adaptar às condições gerais e particulares da seguradora.
SAUDE-FAQ-060,Seguro de Saúde,Autorizações,A autorização garante pagamento integral?,"Não necessariamente. A autorização confirma enquadramento, mas continuam aplicáveis limites, franquias, copagamentos e exclusões.",pre_autorizacao,autorização;pagamento,Portal / Prestador / Linha Clínica,Alta,Activo,Resposta genérica; adaptar às condições gerais e particulares da seguradora.
SAUDE-FAQ-061,Seguro de Saúde,Autorizações,O hospital pode pedir autorização por mim?,"Sim, muitos prestadores da rede submetem o pedido diretamente à seguradora.",pre_autorizacao,autorização,Portal / Prestador / Linha Clínica,Alta,Activo,Resposta genérica; adaptar às condições gerais e particulares da seguradora.
SAUDE-FAQ-062,Seguro de Saúde,Autorizações,Posso fazer o procedimento sem autorização?,"Pode, mas corre o risco de a despesa não ser comparticipada se a pré-autorização era obrigatória.",pre_autorizacao,autorização,Portal / Prestador / Linha Clínica,Alta,Activo,Resposta genérica; adaptar às condições gerais e particulares da seguradora.
SAUDE-FAQ-063,Seguro de Saúde,Autorizações,Autorização vencida ainda é válida?,Não. Autorizações têm prazo de validade e devem ser renovadas se o procedimento não ocorrer dentro desse período.,pre_autorizacao,autorização,Portal / Prestador / Linha Clínica,Alta,Activo,Resposta genérica; adaptar às condições gerais e particulares da seguradora.
SAUDE-FAQ-064,Seguro de Saúde,Autorizações,É necessário relatório médico para autorização?,"Sim, na maioria dos casos é exigido relatório clínico que justifique o procedimento solicitado.",pre_autorizacao,autorização,Portal / Prestador / Linha Clínica,Alta,Activo,Resposta genérica; adaptar às condições gerais e particulares da seguradora.
SAUDE-FAQ-065,Seguro de Saúde,Autorizações,A seguradora pode pedir segunda opinião médica?,"Sim. Para certos atos de maior complexidade, a seguradora pode solicitar avaliação adicional ou segunda opinião.",pre_autorizacao,autorizações,Portal / Prestador / Linha Clínica,Alta,Activo,Resposta genérica; adaptar às condições gerais e particulares da seguradora.
SAUDE-FAQ-066,Seguro de Saúde,Prémios e Pagamentos,O que é prémio do seguro de saúde?,É o valor pago pelo segurado ou tomador para manter a apólice ativa e garantir as coberturas contratadas.,pagamentos_premio,prémio;pagamento,Balcão / Portal / Mobile Money,Média,Activo,Resposta genérica; adaptar às condições gerais e particulares da seguradora.
SAUDE-FAQ-067,Seguro de Saúde,Prémios e Pagamentos,Como posso pagar o prémio?,"Pode pagar por transferência, referência bancária, débito direto, mobile money ou outros meios disponibilizados pela seguradora.",pagamentos_premio,prémio;pagamento,Balcão / Portal / Mobile Money,Média,Activo,Resposta genérica; adaptar às condições gerais e particulares da seguradora.
SAUDE-FAQ-068,Seguro de Saúde,Prémios e Pagamentos,O prémio pode ser mensal?,"Sim, dependendo das opções da seguradora, o pagamento pode ser mensal, trimestral, semestral ou anual.",pagamentos_premio,prémio;pagamento,Balcão / Portal / Mobile Money,Média,Activo,Resposta genérica; adaptar às condições gerais e particulares da seguradora.
SAUDE-FAQ-069,Seguro de Saúde,Prémios e Pagamentos,O que acontece se eu atrasar o pagamento?,"A apólice pode entrar em incumprimento, ficar suspensa ou ser anulada após os prazos de aviso previstos.",pagamentos_premio,prémio;pagamento,Balcão / Portal / Mobile Money,Média,Activo,Resposta genérica; adaptar às condições gerais e particulares da seguradora.
SAUDE-FAQ-070,Seguro de Saúde,Prémios e Pagamentos,O valor do prémio pode aumentar?,"Sim. Pode mudar na renovação por idade, sinistralidade, alteração do plano, inflação médica ou atualização tarifária.",pagamentos_premio,prémio;pagamento,Balcão / Portal / Mobile Money,Média,Activo,Resposta genérica; adaptar às condições gerais e particulares da seguradora.
SAUDE-FAQ-071,Seguro de Saúde,Prémios e Pagamentos,Posso alterar a forma de pagamento?,"Sim, mediante pedido à seguradora e conforme os meios de pagamento disponíveis.",pagamentos_premio,prémio;pagamento,Balcão / Portal / Mobile Money,Média,Activo,Resposta genérica; adaptar às condições gerais e particulares da seguradora.
SAUDE-FAQ-072,Seguro de Saúde,Prémios e Pagamentos,Há desconto para pagamento anual?,Algumas seguradoras oferecem desconto ou condições diferenciadas para pagamento anual antecipado.,pagamentos_premio,prémio;pagamento,Balcão / Portal / Mobile Money,Média,Activo,Resposta genérica; adaptar às condições gerais e particulares da seguradora.
SAUDE-FAQ-073,Seguro de Saúde,Prémios e Pagamentos,O seguro empresarial é pago pelo colaborador?,"Depende do contrato. Pode ser pago pela empresa, pelo colaborador ou partilhado entre ambos.",pagamentos_premio,prémio;pagamento,Balcão / Portal / Mobile Money,Média,Activo,Resposta genérica; adaptar às condições gerais e particulares da seguradora.
SAUDE-FAQ-074,Seguro de Saúde,Prémios e Pagamentos,Como obtenho comprovativo de pagamento?,Pode solicitar recibo nos canais da seguradora ou obter automaticamente após liquidação do prémio.,pagamentos_premio,prémio;pagamento,Balcão / Portal / Mobile Money,Média,Activo,Resposta genérica; adaptar às condições gerais e particulares da seguradora.
SAUDE-FAQ-075,Seguro de Saúde,Prémios e Pagamentos,Posso pagar prémios em atraso?,"Pode ser possível dentro do prazo de regularização, sujeito às regras da apólice e aceitação da seguradora.",pagamentos_premio,prémio;pagamento,Balcão / Portal / Mobile Money,Média,Activo,Resposta genérica; adaptar às condições gerais e particulares da seguradora.
SAUDE-FAQ-076,Seguro de Saúde,Sinistros e Emergências,O que é sinistro no seguro de saúde?,"É a ocorrência de uma necessidade médica coberta pela apólice, como consulta, exame, internamento ou tratamento.",emergencia_sinistro,emergência,Linha 24h / Emergência / Prestador,Alta,Activo,Resposta genérica; adaptar às condições gerais e particulares da seguradora.
SAUDE-FAQ-077,Seguro de Saúde,Sinistros e Emergências,O que fazer em caso de emergência médica?,Procure assistência imediata no prestador mais próximo e contacte a seguradora assim que possível para orientação e regularização.,emergencia_sinistro,emergência,Linha 24h / Emergência / Prestador,Alta,Activo,Resposta genérica; adaptar às condições gerais e particulares da seguradora.
SAUDE-FAQ-078,Seguro de Saúde,Sinistros e Emergências,Preciso comunicar uma emergência à seguradora?,"Sim, especialmente se houver internamento, cirurgia ou despesas elevadas. A comunicação rápida facilita autorizações e cobertura.",emergencia_sinistro,emergência,Linha 24h / Emergência / Prestador,Alta,Activo,Resposta genérica; adaptar às condições gerais e particulares da seguradora.
SAUDE-FAQ-079,Seguro de Saúde,Sinistros e Emergências,O seguro cobre ambulância?,Pode cobrir transporte de emergência quando previsto no plano e clinicamente justificado.,emergencia_sinistro,emergência,Linha 24h / Emergência / Prestador,Alta,Activo,Resposta genérica; adaptar às condições gerais e particulares da seguradora.
SAUDE-FAQ-080,Seguro de Saúde,Sinistros e Emergências,Em emergência posso usar hospital fora da rede?,"Pode ser aceite em situações urgentes, mas a cobertura dependerá das condições da apólice e da documentação apresentada.",emergencia_sinistro,rede;emergência,Linha 24h / Emergência / Prestador,Alta,Activo,Resposta genérica; adaptar às condições gerais e particulares da seguradora.
SAUDE-FAQ-081,Seguro de Saúde,Sinistros e Emergências,Que documentos devo guardar após uma emergência?,"Guarde relatório médico, faturas, recibos, prescrições, resultados de exames e comprovativos de pagamento.",emergencia_sinistro,emergência,Linha 24h / Emergência / Prestador,Alta,Activo,Resposta genérica; adaptar às condições gerais e particulares da seguradora.
SAUDE-FAQ-082,Seguro de Saúde,Sinistros e Emergências,A seguradora pode negar uma emergência?,"Pode recusar despesas que não estejam cobertas, que sejam excluídas ou que não tenham documentação clínica suficiente.",emergencia_sinistro,emergência,Linha 24h / Emergência / Prestador,Alta,Activo,Resposta genérica; adaptar às condições gerais e particulares da seguradora.
SAUDE-FAQ-083,Seguro de Saúde,Sinistros e Emergências,Como reporto um internamento urgente?,"Contacte a linha de assistência, informe nome do segurado, número da apólice, hospital, diagnóstico provável e médico assistente.",emergencia_sinistro,internamento;emergência,Linha 24h / Emergência / Prestador,Alta,Activo,Resposta genérica; adaptar às condições gerais e particulares da seguradora.
SAUDE-FAQ-084,Seguro de Saúde,Sinistros e Emergências,O seguro cobre evacuação médica?,"Apenas se houver cobertura específica de evacuação ou assistência médica, geralmente sujeita a autorização da seguradora.",emergencia_sinistro,emergência,Linha 24h / Emergência / Prestador,Alta,Activo,Resposta genérica; adaptar às condições gerais e particulares da seguradora.
SAUDE-FAQ-085,Seguro de Saúde,Sinistros e Emergências,Posso pedir apoio telefónico numa emergência?,"Sim, se a seguradora disponibilizar linha de assistência 24 horas ou central de apoio médico.",emergencia_sinistro,emergência,Linha 24h / Emergência / Prestador,Alta,Activo,Resposta genérica; adaptar às condições gerais e particulares da seguradora.
SAUDE-FAQ-086,Seguro de Saúde,Carências e Limites,O que é período de carência?,É o tempo após o início da apólice durante o qual certas coberturas ainda não podem ser utilizadas.,carencias_limites,carência;limite,Portal / Condições Particulares,Média,Activo,Resposta genérica; adaptar às condições gerais e particulares da seguradora.
SAUDE-FAQ-087,Seguro de Saúde,Carências e Limites,Todas as coberturas têm carência?,"Não. Algumas podem não ter carência, enquanto maternidade, cirurgias programadas ou doenças específicas podem ter prazos maiores.",carencias_limites,cobertura;carência;limite,Portal / Condições Particulares,Média,Activo,Resposta genérica; adaptar às condições gerais e particulares da seguradora.
SAUDE-FAQ-088,Seguro de Saúde,Carências e Limites,O que é capital seguro?,É o limite máximo que a seguradora paga por determinada cobertura ou por ano de vigência da apólice.,carencias_limites,carência;limite,Portal / Condições Particulares,Média,Activo,Resposta genérica; adaptar às condições gerais e particulares da seguradora.
SAUDE-FAQ-089,Seguro de Saúde,Carências e Limites,O que é copagamento?,É a parte da despesa que fica a cargo do segurado no momento do atendimento ou após liquidação da despesa.,carencias_limites,pagamento;carência;limite,Portal / Condições Particulares,Média,Activo,Resposta genérica; adaptar às condições gerais e particulares da seguradora.
SAUDE-FAQ-090,Seguro de Saúde,Carências e Limites,O que é franquia no seguro de saúde?,É o valor inicial ou percentagem que o segurado suporta antes da comparticipação da seguradora.,carencias_limites,carência;limite,Portal / Condições Particulares,Média,Activo,Resposta genérica; adaptar às condições gerais e particulares da seguradora.
SAUDE-FAQ-091,Seguro de Saúde,Carências e Limites,Existe limite anual por cobertura?,"Sim. Cada cobertura pode ter limite anual, por ato, por sessão, por pessoa ou por agregado familiar.",carencias_limites,cobertura;carência;limite,Portal / Condições Particulares,Média,Activo,Resposta genérica; adaptar às condições gerais e particulares da seguradora.
SAUDE-FAQ-092,Seguro de Saúde,Carências e Limites,"Quando o limite anual esgota, o que acontece?",As despesas adicionais dessa cobertura ficam a cargo do segurado até ao novo período de vigência.,carencias_limites,carência;limite,Portal / Condições Particulares,Média,Activo,Resposta genérica; adaptar às condições gerais e particulares da seguradora.
SAUDE-FAQ-093,Seguro de Saúde,Carências e Limites,A carência aplica-se em acidente?,"Normalmente emergências por acidente podem ter regras diferentes, mas depende das condições da apólice.",carencias_limites,carência;limite,Portal / Condições Particulares,Média,Activo,Resposta genérica; adaptar às condições gerais e particulares da seguradora.
SAUDE-FAQ-094,Seguro de Saúde,Carências e Limites,Posso reduzir carências ao mudar de seguradora?,Algumas seguradoras analisam continuidade de cobertura anterior e podem reduzir carências mediante comprovativos.,carencias_limites,carência;limite,Portal / Condições Particulares,Média,Activo,Resposta genérica; adaptar às condições gerais e particulares da seguradora.
SAUDE-FAQ-095,Seguro de Saúde,Carências e Limites,Os limites renovam todos os anos?,"Geralmente sim, na renovação anual da apólice, salvo condições específicas do contrato.",carencias_limites,carência;limite,Portal / Condições Particulares,Média,Activo,Resposta genérica; adaptar às condições gerais e particulares da seguradora.
SAUDE-FAQ-096,Seguro de Saúde,Apólice e Renovação,O que é apólice de seguro de saúde?,"É o contrato que define segurado, tomador, coberturas, exclusões, prémios, limites, carências e demais condições do seguro.",gestao_apolice,apólice;renovação,Mediador / Portal / Balcão,Média,Activo,Resposta genérica; adaptar às condições gerais e particulares da seguradora.
SAUDE-FAQ-097,Seguro de Saúde,Apólice e Renovação,Como recebo a minha apólice?,"A apólice pode ser enviada por email, disponibilizada no portal ou entregue em formato físico, conforme o canal contratado.",gestao_apolice,apólice;renovação,Mediador / Portal / Balcão,Média,Activo,Resposta genérica; adaptar às condições gerais e particulares da seguradora.
SAUDE-FAQ-098,Seguro de Saúde,Apólice e Renovação,Quando a apólice renova?,"Normalmente renova anualmente, salvo denúncia, incumprimento ou alteração comunicada conforme os prazos contratuais.",gestao_apolice,apólice;renovação,Mediador / Portal / Balcão,Média,Activo,Resposta genérica; adaptar às condições gerais e particulares da seguradora.
SAUDE-FAQ-099,Seguro de Saúde,Apólice e Renovação,Posso cancelar o seguro?,"Sim, respeitando os prazos e procedimentos previstos na apólice e na legislação aplicável.",gestao_apolice,apólice;renovação,Mediador / Portal / Balcão,Média,Activo,Resposta genérica; adaptar às condições gerais e particulares da seguradora.
SAUDE-FAQ-100,Seguro de Saúde,Apólice e Renovação,Como atualizo dados pessoais?,"Solicite alteração através dos canais oficiais, apresentando documentos de suporte quando necessário.",gestao_apolice,apólice;renovação,Mediador / Portal / Balcão,Média,Activo,Resposta genérica; adaptar às condições gerais e particulares da seguradora.
SAUDE-FAQ-101,Seguro de Saúde,Apólice e Renovação,O que acontece se mudar de contacto ou morada?,"Deve comunicar a alteração para garantir receção de avisos, recibos, autorizações e informações importantes.",gestao_apolice,apólice;renovação,Mediador / Portal / Balcão,Média,Activo,Resposta genérica; adaptar às condições gerais e particulares da seguradora.
SAUDE-FAQ-102,Seguro de Saúde,Apólice e Renovação,Posso suspender temporariamente a apólice?,"Normalmente não, salvo condições específicas. A falta de pagamento pode suspender coberturas, mas não é uma suspensão voluntária.",gestao_apolice,apólice;renovação,Mediador / Portal / Balcão,Média,Activo,Resposta genérica; adaptar às condições gerais e particulares da seguradora.
SAUDE-FAQ-103,Seguro de Saúde,Apólice e Renovação,A seguradora pode alterar condições na renovação?,"Sim, pode propor atualização de prémio, rede, coberturas ou condições, mediante comunicação ao tomador.",gestao_apolice,apólice;renovação,Mediador / Portal / Balcão,Média,Activo,Resposta genérica; adaptar às condições gerais e particulares da seguradora.
SAUDE-FAQ-104,Seguro de Saúde,Apólice e Renovação,Como peço segunda via da apólice?,"Pode solicitar segunda via por email, portal, balcão, mediador ou linha de apoio.",gestao_apolice,apólice;renovação,Mediador / Portal / Balcão,Média,Activo,Resposta genérica; adaptar às condições gerais e particulares da seguradora.
SAUDE-FAQ-105,Seguro de Saúde,Apólice e Renovação,O número da apólice é importante?,"Sim. Ele identifica o contrato e deve ser usado em pedidos de assistência, reembolso e autorizações.",gestao_apolice,apólice;renovação,Mediador / Portal / Balcão,Média,Activo,Resposta genérica; adaptar às condições gerais e particulares da seguradora.
SAUDE-FAQ-106,Seguro de Saúde,Atendimento Digital,Posso usar aplicativo para gerir o seguro?,"Sim, se a seguradora disponibilizar aplicativo, poderá consultar rede, cartão digital, pedidos, reembolsos e dados da apólice.",suporte_digital,digital,Aplicativo / Portal / WhatsApp Oficial,Baixa,Activo,Resposta genérica; adaptar às condições gerais e particulares da seguradora.
SAUDE-FAQ-107,Seguro de Saúde,Atendimento Digital,O cartão digital é aceite nos prestadores?,"Normalmente sim, desde que o prestador esteja preparado para validar a elegibilidade digitalmente.",suporte_digital,prestador;digital,Aplicativo / Portal / WhatsApp Oficial,Baixa,Activo,Resposta genérica; adaptar às condições gerais e particulares da seguradora.
SAUDE-FAQ-108,Seguro de Saúde,Atendimento Digital,Como recupero acesso ao portal?,"Use a opção de recuperação de senha ou contacte o suporte, confirmando os seus dados de identificação.",suporte_digital,digital,Aplicativo / Portal / WhatsApp Oficial,Baixa,Activo,Resposta genérica; adaptar às condições gerais e particulares da seguradora.
SAUDE-FAQ-109,Seguro de Saúde,Atendimento Digital,Posso submeter reembolso online?,"Sim, quando o canal digital está disponível, anexando documentos legíveis e completos.",suporte_digital,reembolso;digital,Aplicativo / Portal / WhatsApp Oficial,Baixa,Activo,Resposta genérica; adaptar às condições gerais e particulares da seguradora.
SAUDE-FAQ-110,Seguro de Saúde,Atendimento Digital,Recebo notificações sobre autorizações?,"Pode receber por SMS, email, aplicativo ou chamada, conforme os contactos registados e canais ativos.",suporte_digital,digital,Aplicativo / Portal / WhatsApp Oficial,Baixa,Activo,Resposta genérica; adaptar às condições gerais e particulares da seguradora.
SAUDE-FAQ-111,Seguro de Saúde,Atendimento Digital,Como atualizo meu email no portal?,Aceda ao perfil do utilizador ou solicite atualização à seguradora com validação de identidade.,suporte_digital,digital,Aplicativo / Portal / WhatsApp Oficial,Baixa,Activo,Resposta genérica; adaptar às condições gerais e particulares da seguradora.
SAUDE-FAQ-112,Seguro de Saúde,Atendimento Digital,O atendimento por WhatsApp é oficial?,Só deve usar números divulgados oficialmente pela seguradora para evitar fraude ou exposição de dados pessoais.,suporte_digital,digital,Aplicativo / Portal / WhatsApp Oficial,Baixa,Activo,Resposta genérica; adaptar às condições gerais e particulares da seguradora.
SAUDE-FAQ-113,Seguro de Saúde,Atendimento Digital,Posso consultar limites disponíveis online?,"Sim, se o portal ou aplicativo disponibilizar essa funcionalidade.",suporte_digital,consulta;limite;digital,Aplicativo / Portal / WhatsApp Oficial,Baixa,Activo,Resposta genérica; adaptar às condições gerais e particulares da seguradora.
SAUDE-FAQ-114,Seguro de Saúde,Atendimento Digital,Como protejo meus dados no portal?,"Use senha forte, não partilhe credenciais e confirme sempre que está nos canais oficiais da seguradora.",suporte_digital,digital,Aplicativo / Portal / WhatsApp Oficial,Baixa,Activo,Resposta genérica; adaptar às condições gerais e particulares da seguradora.
SAUDE-FAQ-115,Seguro de Saúde,Atendimento Digital,Posso pedir suporte por email?,"Sim, desde que envie o pedido para os contactos oficiais e inclua dados suficientes para identificação da apólice.",suporte_digital,digital,Aplicativo / Portal / WhatsApp Oficial,Baixa,Activo,Resposta genérica; adaptar às condições gerais e particulares da seguradora.
SAUDE-FAQ-116,Seguro de Saúde,Fraude e Compliance,O que é fraude em seguro de saúde?,"É qualquer tentativa de obter benefício indevido, como falsificar recibos, simular tratamentos ou omitir informação relevante.",compliance_fraude,fraude,Compliance / Linha Ética / Email Oficial,Alta,Activo,Resposta genérica; adaptar às condições gerais e particulares da seguradora.
SAUDE-FAQ-117,Seguro de Saúde,Fraude e Compliance,Quais são as consequências de fraude?,"Pode haver recusa de pagamento, cancelamento da apólice, participação às autoridades e responsabilização civil ou criminal.",compliance_fraude,fraude,Compliance / Linha Ética / Email Oficial,Alta,Activo,Resposta genérica; adaptar às condições gerais e particulares da seguradora.
SAUDE-FAQ-118,Seguro de Saúde,Fraude e Compliance,Posso usar o cartão para outra pessoa?,Não. O cartão é pessoal e intransmissível. O uso por terceiros pode ser considerado fraude.,compliance_fraude,fraude,Compliance / Linha Ética / Email Oficial,Alta,Activo,Resposta genérica; adaptar às condições gerais e particulares da seguradora.
SAUDE-FAQ-119,Seguro de Saúde,Fraude e Compliance,A seguradora pode validar documentos médicos?,"Sim. Pode confirmar autenticidade de faturas, relatórios, prescrições e atos médicos junto dos prestadores.",compliance_fraude,fraude,Compliance / Linha Ética / Email Oficial,Alta,Activo,Resposta genérica; adaptar às condições gerais e particulares da seguradora.
SAUDE-FAQ-120,Seguro de Saúde,Fraude e Compliance,Devo declarar doenças anteriores?,Sim. A omissão de informação clínica relevante pode levar à recusa de cobertura ou anulação do contrato.,compliance_fraude,fraude,Compliance / Linha Ética / Email Oficial,Alta,Activo,Resposta genérica; adaptar às condições gerais e particulares da seguradora.
SAUDE-FAQ-121,Seguro de Saúde,Fraude e Compliance,Como denuncio suspeita de fraude?,"Use os canais oficiais da seguradora, garantindo confidencialidade e fornecendo detalhes relevantes.",compliance_fraude,fraude,Compliance / Linha Ética / Email Oficial,Alta,Activo,Resposta genérica; adaptar às condições gerais e particulares da seguradora.
SAUDE-FAQ-122,Seguro de Saúde,Fraude e Compliance,A seguradora protege meus dados de saúde?,"Deve proteger os dados conforme regras de privacidade, usando-os apenas para gestão do contrato e sinistros.",compliance_fraude,fraude,Compliance / Linha Ética / Email Oficial,Alta,Activo,Resposta genérica; adaptar às condições gerais e particulares da seguradora.
SAUDE-FAQ-123,Seguro de Saúde,Fraude e Compliance,Posso pedir acesso aos meus dados pessoais?,"Sim, pode solicitar informação sobre os dados tratados, conforme a política de privacidade e legislação aplicável.",compliance_fraude,fraude,Compliance / Linha Ética / Email Oficial,Alta,Activo,Resposta genérica; adaptar às condições gerais e particulares da seguradora.
SAUDE-FAQ-124,Seguro de Saúde,Fraude e Compliance,Por que pedem consentimento para dados de saúde?,"Porque dados de saúde são sensíveis e precisam de autorização para análise de risco, gestão de sinistros e prestação do serviço.",compliance_fraude,fraude,Compliance / Linha Ética / Email Oficial,Alta,Activo,Resposta genérica; adaptar às condições gerais e particulares da seguradora.
SAUDE-FAQ-125,Seguro de Saúde,Fraude e Compliance,É seguro enviar documentos por email?,Use apenas canais oficiais e evite enviar informação sensível para endereços não confirmados.,compliance_fraude,fraude,Compliance / Linha Ética / Email Oficial,Alta,Activo,Resposta genérica; adaptar às condições gerais e particulares da seguradora.
SAUDE-FAQ-126,Seguro de Saúde,Reclamações,Como faço uma reclamação?,"Apresente a reclamação por escrito através dos canais oficiais, indicando número da apólice, descrição do problema e documentos de suporte.",reclamacao,reclamação,Livro de Reclamações / Email / Balcão,Alta,Activo,Resposta genérica; adaptar às condições gerais e particulares da seguradora.
SAUDE-FAQ-127,Seguro de Saúde,Reclamações,Qual é o prazo de resposta a reclamações?,"O prazo depende das regras internas e legais aplicáveis, mas a seguradora deve informar o estado do processo.",reclamacao,reclamações,Livro de Reclamações / Email / Balcão,Alta,Activo,Resposta genérica; adaptar às condições gerais e particulares da seguradora.
SAUDE-FAQ-128,Seguro de Saúde,Reclamações,Posso contestar uma recusa de reembolso?,"Sim. Solicite revisão, apresente novos documentos e peça explicação detalhada dos motivos da recusa.",reclamacao,reembolso,Livro de Reclamações / Email / Balcão,Alta,Activo,Resposta genérica; adaptar às condições gerais e particulares da seguradora.
SAUDE-FAQ-129,Seguro de Saúde,Reclamações,Quem pode reclamar?,"O tomador, segurado, beneficiário ou representante autorizado pode apresentar reclamação.",reclamacao,reclamações,Livro de Reclamações / Email / Balcão,Alta,Activo,Resposta genérica; adaptar às condições gerais e particulares da seguradora.
SAUDE-FAQ-130,Seguro de Saúde,Reclamações,Preciso de advogado para reclamar?,Não necessariamente. A reclamação pode ser feita diretamente pelo segurado ou tomador.,reclamacao,reclamações,Livro de Reclamações / Email / Balcão,Alta,Activo,Resposta genérica; adaptar às condições gerais e particulares da seguradora.
SAUDE-FAQ-131,Seguro de Saúde,Reclamações,O que incluir numa reclamação?,"Inclua dados da apólice, contactos, datas, prestador envolvido, valores, documentos e pedido claro de resolução.",reclamacao,reclamação,Livro de Reclamações / Email / Balcão,Alta,Activo,Resposta genérica; adaptar às condições gerais e particulares da seguradora.
SAUDE-FAQ-132,Seguro de Saúde,Reclamações,Posso reclamar sobre atendimento de uma clínica da rede?,Sim. A seguradora pode avaliar o caso com o prestador e orientar sobre solução ou alternativa.,reclamacao,rede,Livro de Reclamações / Email / Balcão,Alta,Activo,Resposta genérica; adaptar às condições gerais e particulares da seguradora.
SAUDE-FAQ-133,Seguro de Saúde,Reclamações,"Se não concordar com a resposta, o que faço?",Pode solicitar nova análise ou recorrer às entidades competentes de supervisão ou resolução de conflitos.,reclamacao,reclamações,Livro de Reclamações / Email / Balcão,Alta,Activo,Resposta genérica; adaptar às condições gerais e particulares da seguradora.
SAUDE-FAQ-134,Seguro de Saúde,Reclamações,A reclamação suspende pagamento do prémio?,"Não. Enquanto a apólice estiver ativa, os prémios devem continuar a ser pagos para evitar suspensão de cobertura.",reclamacao,prémio;pagamento;reclamação,Livro de Reclamações / Email / Balcão,Alta,Activo,Resposta genérica; adaptar às condições gerais e particulares da seguradora.
SAUDE-FAQ-135,Seguro de Saúde,Reclamações,Posso acompanhar minha reclamação?,"Sim, solicite o número de processo e acompanhe pelos canais disponibilizados pela seguradora.",reclamacao,reclamação,Livro de Reclamações / Email / Balcão,Alta,Activo,Resposta genérica; adaptar às condições gerais e particulares da seguradora.
SAUDE-FAQ-136,Seguro de Saúde,Benefícios e Bem-estar,O seguro oferece programas de prevenção?,"Alguns planos incluem check-ups, campanhas de vacinação, rastreios ou aconselhamento de saúde.",beneficios_bem_estar,benefícios,Portal / Aplicativo / Linha de Apoio,Baixa,Activo,Resposta genérica; adaptar às condições gerais e particulares da seguradora.
SAUDE-FAQ-137,Seguro de Saúde,Benefícios e Bem-estar,Tenho desconto em farmácias?,"Pode existir desconto em farmácias parceiras, dependendo da rede e do plano contratado.",beneficios_bem_estar,benefícios,Portal / Aplicativo / Linha de Apoio,Baixa,Activo,Resposta genérica; adaptar às condições gerais e particulares da seguradora.
SAUDE-FAQ-138,Seguro de Saúde,Benefícios e Bem-estar,O seguro cobre telemedicina?,"Alguns planos incluem consultas por telemedicina, sujeitas à disponibilidade da rede e às condições da apólice.",beneficios_bem_estar,benefícios,Portal / Aplicativo / Linha de Apoio,Baixa,Activo,Resposta genérica; adaptar às condições gerais e particulares da seguradora.
SAUDE-FAQ-139,Seguro de Saúde,Benefícios e Bem-estar,Posso ter aconselhamento nutricional?,"Pode estar incluído em planos com bem-estar, prevenção ou consultas de nutrição.",beneficios_bem_estar,benefícios,Portal / Aplicativo / Linha de Apoio,Baixa,Activo,Resposta genérica; adaptar às condições gerais e particulares da seguradora.
SAUDE-FAQ-140,Seguro de Saúde,Benefícios e Bem-estar,Há programas para gestão de doenças crónicas?,"Algumas seguradoras oferecem acompanhamento para diabetes, hipertensão ou outras condições, conforme o plano.",beneficios_bem_estar,benefícios,Portal / Aplicativo / Linha de Apoio,Baixa,Activo,Resposta genérica; adaptar às condições gerais e particulares da seguradora.
SAUDE-FAQ-141,Seguro de Saúde,Benefícios e Bem-estar,O seguro cobre medicina preventiva?,"Pode cobrir rastreios, consultas preventivas e check-ups, quando previstos nas garantias contratadas.",beneficios_bem_estar,benefícios,Portal / Aplicativo / Linha de Apoio,Baixa,Activo,Resposta genérica; adaptar às condições gerais e particulares da seguradora.
SAUDE-FAQ-142,Seguro de Saúde,Benefícios e Bem-estar,Posso receber orientação médica por telefone?,"Sim, se o plano incluir linha médica ou serviço de triagem clínica.",beneficios_bem_estar,benefícios,Portal / Aplicativo / Linha de Apoio,Baixa,Activo,Resposta genérica; adaptar às condições gerais e particulares da seguradora.
SAUDE-FAQ-143,Seguro de Saúde,Benefícios e Bem-estar,Há benefícios para crianças?,"Planos familiares podem incluir pediatria, vacinação, consultas de rotina e acompanhamento preventivo.",beneficios_bem_estar,benefícios,Portal / Aplicativo / Linha de Apoio,Baixa,Activo,Resposta genérica; adaptar às condições gerais e particulares da seguradora.
SAUDE-FAQ-144,Seguro de Saúde,Benefícios e Bem-estar,O seguro cobre programas de cessação tabágica?,Pode cobrir se estiver previsto em programas de bem-estar ou prevenção.,beneficios_bem_estar,benefícios,Portal / Aplicativo / Linha de Apoio,Baixa,Activo,Resposta genérica; adaptar às condições gerais e particulares da seguradora.
SAUDE-FAQ-145,Seguro de Saúde,Benefícios e Bem-estar,Como aproveito benefícios adicionais?,"Consulte a lista de benefícios do plano e confirme condições, rede, limites e canais de acesso.",beneficios_bem_estar,benefícios,Portal / Aplicativo / Linha de Apoio,Baixa,Activo,Resposta genérica; adaptar às condições gerais e particulares da seguradora.
SAUDE-FAQ-146,Seguro de Saúde,Coberturas,O seguro cobre hemodiálise?,"Pode cobrir quando prevista no plano, clinicamente indicada e autorizada pela seguradora, respeitando limites e exclusões.",consulta_cobertura,cobertura,Linha de Apoio / Portal,Média,Activo,Resposta genérica; adaptar às condições gerais e particulares da seguradora.
SAUDE-FAQ-147,Seguro de Saúde,Coberturas,O seguro cobre quimioterapia?,Pode cobrir tratamentos oncológicos se a garantia existir no plano e mediante pré-autorização e documentação clínica.,consulta_cobertura,cobertura,Linha de Apoio / Portal,Média,Activo,Resposta genérica; adaptar às condições gerais e particulares da seguradora.
SAUDE-FAQ-148,Seguro de Saúde,Coberturas,O seguro cobre radioterapia?,"Pode estar coberta em planos com tratamento oncológico, sujeita a autorização, limites e rede de prestadores.",consulta_cobertura,cobertura,Linha de Apoio / Portal,Média,Activo,Resposta genérica; adaptar às condições gerais e particulares da seguradora.
SAUDE-FAQ-149,Seguro de Saúde,Coberturas,O seguro cobre próteses?,Algumas próteses podem estar cobertas se forem clinicamente necessárias e previstas nas condições da apólice.,consulta_cobertura,cobertura,Linha de Apoio / Portal,Média,Activo,Resposta genérica; adaptar às condições gerais e particulares da seguradora.
SAUDE-FAQ-150,Seguro de Saúde,Coberturas,O seguro cobre aparelhos auditivos?,"Pode estar coberto em planos específicos, normalmente com limite anual ou comparticipação limitada.",consulta_cobertura,cobertura,Linha de Apoio / Portal,Média,Activo,Resposta genérica; adaptar às condições gerais e particulares da seguradora.
SAUDE-FAQ-151,Seguro de Saúde,Coberturas,O seguro cobre parto normal?,"Sim, se a cobertura de maternidade estiver incluída e cumprido o período de carência aplicável.",consulta_cobertura,cobertura,Linha de Apoio / Portal,Média,Activo,Resposta genérica; adaptar às condições gerais e particulares da seguradora.
SAUDE-FAQ-152,Seguro de Saúde,Coberturas,O seguro cobre cesariana?,"Pode cobrir cesariana quando a maternidade está incluída e há indicação médica, dentro dos limites contratados.",consulta_cobertura,cobertura,Linha de Apoio / Portal,Média,Activo,Resposta genérica; adaptar às condições gerais e particulares da seguradora.
SAUDE-FAQ-153,Seguro de Saúde,Coberturas,O recém-nascido fica automaticamente coberto?,Depende da apólice. Normalmente é necessário comunicar o nascimento e solicitar inclusão dentro do prazo definido.,consulta_cobertura,cobertura,Linha de Apoio / Portal,Média,Activo,Resposta genérica; adaptar às condições gerais e particulares da seguradora.
SAUDE-FAQ-154,Seguro de Saúde,Coberturas,O seguro cobre pediatria?,"Sim, quando consultas de pediatria fazem parte da cobertura de consultas e o dependente está incluído na apólice.",consulta_cobertura,cobertura,Linha de Apoio / Portal,Média,Activo,Resposta genérica; adaptar às condições gerais e particulares da seguradora.
SAUDE-FAQ-155,Seguro de Saúde,Coberturas,O seguro cobre alergologia?,Pode cobrir consultas e testes de alergia quando prescritos e enquadrados nas garantias do plano.,consulta_cobertura,cobertura,Linha de Apoio / Portal,Média,Activo,Resposta genérica; adaptar às condições gerais e particulares da seguradora.
SAUDE-FAQ-156,Seguro de Saúde,Exclusões,O seguro cobre infertilidade?,Tratamentos de fertilidade podem estar excluídos ou sujeitos a cobertura específica e limites próprios.,consulta_exclusao,exclusões,Linha de Apoio / Condições Gerais,Média,Activo,Resposta genérica; adaptar às condições gerais e particulares da seguradora.
SAUDE-FAQ-157,Seguro de Saúde,Exclusões,Cirurgia bariátrica está coberta?,"Pode estar excluída ou depender de critérios clínicos rigorosos, autorização e cobertura específica.",consulta_exclusao,exclusões,Linha de Apoio / Condições Gerais,Média,Activo,Resposta genérica; adaptar às condições gerais e particulares da seguradora.
SAUDE-FAQ-158,Seguro de Saúde,Exclusões,Tratamentos alternativos são cobertos?,Terapias alternativas geralmente só são cobertas se estiverem expressamente previstas na apólice.,consulta_exclusao,exclusões,Linha de Apoio / Condições Gerais,Média,Activo,Resposta genérica; adaptar às condições gerais e particulares da seguradora.
SAUDE-FAQ-159,Seguro de Saúde,Exclusões,Despesas por álcool ou drogas são cobertas?,"Normalmente são excluídas quando associadas ao consumo abusivo ou ilícito, salvo disposições diferentes na apólice.",consulta_exclusao,exclusões,Linha de Apoio / Condições Gerais,Média,Activo,Resposta genérica; adaptar às condições gerais e particulares da seguradora.
SAUDE-FAQ-160,Seguro de Saúde,Exclusões,Tratamentos fora de protocolo médico são cobertos?,Normalmente não são cobertos atos sem indicação clínica reconhecida ou sem prescrição adequada.,consulta_exclusao,exclusões,Linha de Apoio / Condições Gerais,Média,Activo,Resposta genérica; adaptar às condições gerais e particulares da seguradora.
SAUDE-FAQ-161,Seguro de Saúde,Rede de Prestadores,Posso marcar consulta diretamente com o prestador?,"Sim, mas deve confirmar que o prestador faz parte da rede e que a cobertura está ativa.",rede_prestadores,consulta;rede;prestador,Aplicativo / Portal / Linha de Apoio,Média,Activo,Resposta genérica; adaptar às condições gerais e particulares da seguradora.
SAUDE-FAQ-162,Seguro de Saúde,Rede de Prestadores,A rede inclui laboratórios?,"Sim, muitos planos incluem laboratórios convencionados para análises clínicas e exames de diagnóstico.",rede_prestadores,rede;prestador,Aplicativo / Portal / Linha de Apoio,Média,Activo,Resposta genérica; adaptar às condições gerais e particulares da seguradora.
SAUDE-FAQ-163,Seguro de Saúde,Rede de Prestadores,Há atendimento 24 horas na rede?,Alguns hospitais e clínicas da rede oferecem urgência 24 horas; confirme a disponibilidade antes de se deslocar.,rede_prestadores,rede;prestador,Aplicativo / Portal / Linha de Apoio,Média,Activo,Resposta genérica; adaptar às condições gerais e particulares da seguradora.
SAUDE-FAQ-164,Seguro de Saúde,Rede de Prestadores,O prestador pode cobrar valor adicional?,"Pode cobrar copagamento, franquia ou serviços não cobertos. Valores extras devem ser esclarecidos antes do atendimento.",rede_prestadores,rede;prestador,Aplicativo / Portal / Linha de Apoio,Média,Activo,Resposta genérica; adaptar às condições gerais e particulares da seguradora.
SAUDE-FAQ-165,Seguro de Saúde,Rede de Prestadores,Como confirmo se um médico ainda está na rede?,Consulte a lista atualizada ou contacte a seguradora antes da marcação para evitar recusas ou custos inesperados.,rede_prestadores,rede;prestador,Aplicativo / Portal / Linha de Apoio,Média,Activo,Resposta genérica; adaptar às condições gerais e particulares da seguradora.
SAUDE-FAQ-166,Seguro de Saúde,Reembolso,Posso pedir reembolso parcial?,"Sim. Quando aplicável, a seguradora comparticipa a percentagem prevista e o restante fica a cargo do segurado.",pedido_reembolso,reembolso,Portal / Aplicativo / Email,Alta,Activo,Resposta genérica; adaptar às condições gerais e particulares da seguradora.
SAUDE-FAQ-167,Seguro de Saúde,Reembolso,O que acontece se a fatura estiver em nome errado?,O pedido pode ser recusado ou devolvido para correção. A fatura deve identificar corretamente o segurado ou beneficiário.,pedido_reembolso,reembolso,Portal / Aplicativo / Email,Alta,Activo,Resposta genérica; adaptar às condições gerais e particulares da seguradora.
SAUDE-FAQ-168,Seguro de Saúde,Reembolso,Posso submeter várias despesas no mesmo pedido?,"Sim, desde que cada despesa esteja documentada e seja possível identificar atos, datas, valores e beneficiário.",pedido_reembolso,reembolso,Portal / Aplicativo / Email,Alta,Activo,Resposta genérica; adaptar às condições gerais e particulares da seguradora.
SAUDE-FAQ-169,Seguro de Saúde,Reembolso,Há valor mínimo para reembolso?,Pode existir valor mínimo ou regras operacionais definidas pela seguradora.,pedido_reembolso,reembolso,Portal / Aplicativo / Email,Alta,Activo,Resposta genérica; adaptar às condições gerais e particulares da seguradora.
SAUDE-FAQ-170,Seguro de Saúde,Reembolso,O reembolso cobre 100% da despesa?,"Nem sempre. Depende da cobertura, percentagem de comparticipação, franquia, copagamento e limite disponível.",pedido_reembolso,reembolso,Portal / Aplicativo / Email,Alta,Activo,Resposta genérica; adaptar às condições gerais e particulares da seguradora.
SAUDE-FAQ-171,Seguro de Saúde,Autorizações,Quem analisa a pré-autorização?,A equipa técnica ou clínica da seguradora analisa a documentação e confirma enquadramento nas condições da apólice.,pre_autorizacao,autorização,Portal / Prestador / Linha Clínica,Alta,Activo,Resposta genérica; adaptar às condições gerais e particulares da seguradora.
SAUDE-FAQ-172,Seguro de Saúde,Autorizações,Posso acelerar uma autorização urgente?,"Sim, informe que é urgente e envie documentação completa. O prestador também pode contactar a seguradora.",pre_autorizacao,autorização,Portal / Prestador / Linha Clínica,Alta,Activo,Resposta genérica; adaptar às condições gerais e particulares da seguradora.
SAUDE-FAQ-173,Seguro de Saúde,Autorizações,A autorização pode ser condicionada?,"Sim. Pode ser aprovada com limites, exclusões, necessidade de documentos adicionais ou uso de prestador específico.",pre_autorizacao,autorização,Portal / Prestador / Linha Clínica,Alta,Activo,Resposta genérica; adaptar às condições gerais e particulares da seguradora.
SAUDE-FAQ-174,Seguro de Saúde,Autorizações,Preciso de orçamento para cirurgia?,"Normalmente sim. O orçamento ajuda a seguradora a validar custos, cobertura e limites disponíveis.",pre_autorizacao,autorizações,Portal / Prestador / Linha Clínica,Alta,Activo,Resposta genérica; adaptar às condições gerais e particulares da seguradora.
SAUDE-FAQ-175,Seguro de Saúde,Autorizações,Autorização negada pode ser revista?,"Sim, pode solicitar revisão apresentando novos elementos clínicos ou esclarecimentos do médico assistente.",pre_autorizacao,autorização,Portal / Prestador / Linha Clínica,Alta,Activo,Resposta genérica; adaptar às condições gerais e particulares da seguradora.
SAUDE-FAQ-176,Seguro de Saúde,Prémios e Pagamentos,O prémio depende da idade?,"Sim, a idade é um dos fatores que influenciam o prémio, juntamente com plano, coberturas e perfil de risco.",pagamentos_premio,prémio;pagamento,Balcão / Portal / Mobile Money,Média,Activo,Resposta genérica; adaptar às condições gerais e particulares da seguradora.
SAUDE-FAQ-177,Seguro de Saúde,Prémios e Pagamentos,O prémio depende do número de dependentes?,"Sim. Ao incluir dependentes, o valor do prémio é ajustado conforme idade e cobertura de cada pessoa.",pagamentos_premio,dependentes;prémio;pagamento,Balcão / Portal / Mobile Money,Média,Activo,Resposta genérica; adaptar às condições gerais e particulares da seguradora.
SAUDE-FAQ-178,Seguro de Saúde,Prémios e Pagamentos,Posso receber aviso antes do vencimento?,"Sim, a seguradora pode enviar aviso por SMS, email ou outros canais registados.",pagamentos_premio,prémio;pagamento,Balcão / Portal / Mobile Money,Média,Activo,Resposta genérica; adaptar às condições gerais e particulares da seguradora.
SAUDE-FAQ-179,Seguro de Saúde,Prémios e Pagamentos,O seguro continua ativo durante o prazo de pagamento?,"Durante o prazo normal de cobrança, a apólice mantém-se ativa, salvo regras específicas de suspensão por incumprimento.",pagamentos_premio,prémio;pagamento,Balcão / Portal / Mobile Money,Média,Activo,Resposta genérica; adaptar às condições gerais e particulares da seguradora.
SAUDE-FAQ-180,Seguro de Saúde,Prémios e Pagamentos,Como regularizo uma apólice suspensa?,"Contacte a seguradora para saber valores em dívida, prazo de regularização e condições para reativação.",pagamentos_premio,prémio;pagamento;apólice,Balcão / Portal / Mobile Money,Média,Activo,Resposta genérica; adaptar às condições gerais e particulares da seguradora.
SAUDE-FAQ-181,Seguro de Saúde,Sinistros e Emergências,Tenho de preencher formulário de sinistro?,"Pode ser necessário, especialmente para reembolsos, internamentos fora da rede ou despesas complexas.",emergencia_sinistro,emergência,Linha 24h / Emergência / Prestador,Alta,Activo,Resposta genérica; adaptar às condições gerais e particulares da seguradora.
SAUDE-FAQ-182,Seguro de Saúde,Sinistros e Emergências,Emergência por acidente tem tratamento diferente?,"Pode ter procedimentos mais rápidos e menor carência, mas depende das condições da apólice.",emergencia_sinistro,emergência,Linha 24h / Emergência / Prestador,Alta,Activo,Resposta genérica; adaptar às condições gerais e particulares da seguradora.
SAUDE-FAQ-183,Seguro de Saúde,Sinistros e Emergências,Posso pedir assistência para encontrar hospital?,"Sim, a linha de apoio pode indicar prestadores da rede adequados à situação e localização.",emergencia_sinistro,emergência,Linha 24h / Emergência / Prestador,Alta,Activo,Resposta genérica; adaptar às condições gerais e particulares da seguradora.
SAUDE-FAQ-184,Seguro de Saúde,Sinistros e Emergências,O que faço se perder o cartão numa emergência?,Informe o número da apólice ou documento de identificação e contacte a seguradora para validação da cobertura.,emergencia_sinistro,emergência,Linha 24h / Emergência / Prestador,Alta,Activo,Resposta genérica; adaptar às condições gerais e particulares da seguradora.
SAUDE-FAQ-185,Seguro de Saúde,Sinistros e Emergências,Internamento prolongado precisa de nova autorização?,Pode precisar de prorrogação ou relatório de evolução clínica para manter cobertura do internamento.,emergencia_sinistro,internamento;autorização;emergência,Linha 24h / Emergência / Prestador,Alta,Activo,Resposta genérica; adaptar às condições gerais e particulares da seguradora.
SAUDE-FAQ-186,Seguro de Saúde,Carências e Limites,Carência conta a partir de quando?,Conta normalmente a partir da data de início da cobertura ou inclusão do segurado na apólice.,carencias_limites,carência;limite,Portal / Condições Particulares,Média,Activo,Resposta genérica; adaptar às condições gerais e particulares da seguradora.
SAUDE-FAQ-187,Seguro de Saúde,Carências e Limites,O limite é por pessoa ou por família?,"Depende da apólice. Pode ser individual, por agregado familiar, por cobertura ou por evento.",carencias_limites,carência;limite,Portal / Condições Particulares,Média,Activo,Resposta genérica; adaptar às condições gerais e particulares da seguradora.
SAUDE-FAQ-188,Seguro de Saúde,Carências e Limites,O que é sublimite?,"É um limite específico dentro de uma cobertura maior, aplicado a determinado ato, tratamento ou despesa.",carencias_limites,carência;limite,Portal / Condições Particulares,Média,Activo,Resposta genérica; adaptar às condições gerais e particulares da seguradora.
SAUDE-FAQ-189,Seguro de Saúde,Carências e Limites,Copagamento e franquia são a mesma coisa?,Não. Copagamento é uma participação por ato; franquia é um valor inicial ou percentagem suportada antes da cobertura.,carencias_limites,pagamento;carência;limite,Portal / Condições Particulares,Média,Activo,Resposta genérica; adaptar às condições gerais e particulares da seguradora.
SAUDE-FAQ-190,Seguro de Saúde,Carências e Limites,Posso aumentar o capital seguro?,"Pode solicitar upgrade de plano ou aumento de limites, sujeito à aceitação da seguradora.",carencias_limites,carência;limite,Portal / Condições Particulares,Média,Activo,Resposta genérica; adaptar às condições gerais e particulares da seguradora.
SAUDE-FAQ-191,Seguro de Saúde,Apólice e Renovação,A apólice pode ser transferida para outra pessoa?,Normalmente não. O contrato é associado ao tomador e aos segurados identificados.,gestao_apolice,apólice;renovação,Mediador / Portal / Balcão,Média,Activo,Resposta genérica; adaptar às condições gerais e particulares da seguradora.
SAUDE-FAQ-192,Seguro de Saúde,Apólice e Renovação,Como retiro um dependente da apólice?,"Solicite a alteração à seguradora, indicando o dependente e a data pretendida, conforme regras contratuais.",gestao_apolice,apólice;renovação,Mediador / Portal / Balcão,Média,Activo,Resposta genérica; adaptar às condições gerais e particulares da seguradora.
SAUDE-FAQ-193,Seguro de Saúde,Apólice e Renovação,Como incluo um novo dependente?,Preencha pedido de inclusão e apresente documentos exigidos. A inclusão pode ter carências e ajuste de prémio.,gestao_apolice,apólice;renovação,Mediador / Portal / Balcão,Média,Activo,Resposta genérica; adaptar às condições gerais e particulares da seguradora.
SAUDE-FAQ-194,Seguro de Saúde,Apólice e Renovação,Posso renovar mesmo tendo usado muito o seguro?,A renovação depende das regras da seguradora. A utilização pode influenciar condições e prémio futuro.,gestao_apolice,apólice;renovação,Mediador / Portal / Balcão,Média,Activo,Resposta genérica; adaptar às condições gerais e particulares da seguradora.
SAUDE-FAQ-195,Seguro de Saúde,Apólice e Renovação,O que é tomador do seguro?,É a pessoa ou entidade que contrata a apólice e assume a obrigação de pagar o prémio.,gestao_apolice,apólice;renovação,Mediador / Portal / Balcão,Média,Activo,Resposta genérica; adaptar às condições gerais e particulares da seguradora.
