id;categoria;pergunta;resposta;tags;canal_recomendado;prioridade;status;requer_revisão_humana;motivo_revisao
1;Contratação e Adesão;Como posso contratar um seguro automóvel?;Pode contratar o seguro apresentando os dados do veículo, os documentos do proprietário, a carta de condução e escolhendo o tipo de cobertura pretendida. Após a simulação e pagamento do prémio, a apólice pode ser emitida.;contratação,e,adesão;Atendimento/Portal;Média;Activo;Não;
2;Contratação e Adesão;Que documentos são necessários para contratar o seguro?;Normalmente são necessários o livrete ou documento do veículo, identificação do proprietário, carta de condução, NUIT quando aplicável e dados de contacto actualizados.;contratação,e,adesão;Atendimento/Portal;Média;Activo;Não;
3;Contratação e Adesão;Posso contratar seguro para um carro que ainda está em nome de outra pessoa?;Sim, pode ser possível, mas a seguradora poderá solicitar documentos que comprovem a posse, contrato de compra e venda ou autorização do proprietário registado.;contratação,e,adesão;Atendimento/Portal;Média;Activo;Não;
4;Contratação e Adesão;O seguro começa a valer imediatamente após o pagamento?;Em regra, a cobertura inicia na data e hora indicadas na apólice ou certificado. O pagamento por si só não substitui a confirmação formal da seguradora.;contratação,e,adesão,pagamento;Atendimento/Portal;Média;Activo;Não;
5;Contratação e Adesão;Posso fazer a simulação do seguro antes de decidir?;Sim. A simulação permite estimar o prémio com base no tipo de veículo, uso, valor segurado, coberturas e perfil de risco.;contratação,e,adesão;Atendimento/Portal;Média;Activo;Não;
6;Contratação e Adesão;O que é uma proposta de seguro automóvel?;É o formulário com os dados do segurado, veículo e coberturas pretendidas. A proposta serve de base para análise e emissão da apólice.;contratação,e,adesão;Atendimento/Portal;Média;Activo;Não;
7;Contratação e Adesão;A seguradora pode recusar a contratação?;Sim. A seguradora pode recusar a contratação quando o risco não se enquadra nas suas regras, quando faltam documentos ou quando existem informações inconsistentes.;contratação,e,adesão;Atendimento/Portal;Média;Activo;Não;
8;Contratação e Adesão;Posso contratar seguro automóvel online?;Sim, desde que a seguradora disponibilize esse canal. Poderá ser necessário enviar documentos digitalizados e confirmar o pagamento.;contratação,e,adesão;Atendimento/Portal;Média;Activo;Não;
9;Contratação e Adesão;Posso segurar mais de um veículo na mesma seguradora?;Sim. Pode segurar vários veículos e, dependendo da política comercial, poderá beneficiar de condições específicas.;contratação,e,adesão;Atendimento/Portal;Média;Activo;Não;
10;Contratação e Adesão;O seguro pode estar em nome de uma empresa?;Sim. Para veículos empresariais, a apólice pode ser emitida em nome da empresa, sendo necessários documentos da entidade e identificação do responsável.;contratação,e,adesão;Atendimento/Portal;Média;Activo;Não;
11;Coberturas;O que cobre o seguro obrigatório de responsabilidade civil?;Cobre danos causados a terceiros em consequência de acidente de viação, dentro dos limites e condições da apólice.;coberturas;Atendimento/Portal;Alta;Activo;Não;
12;Coberturas;O seguro obrigatório cobre danos no meu próprio carro?;Não. O seguro obrigatório cobre danos a terceiros. Para danos no próprio veículo, é necessário contratar cobertura de danos próprios ou equivalente.;coberturas;Atendimento/Portal;Alta;Activo;Não;
13;Coberturas;O que são danos próprios?;São coberturas que protegem o veículo segurado contra riscos como colisão, capotamento, choque, incêndio, furto, roubo ou outros riscos contratados.;coberturas;Atendimento/Portal;Alta;Activo;Não;
14;Coberturas;A cobertura contra roubo cobre furto parcial?;"Depende das condições da apólice. Algumas apólices cobrem roubo total e furto parcial; outras exigem cobertura adicional específica.";coberturas;Atendimento/Portal;Alta;Activo;Não;
15;Coberturas;A cobertura contra incêndio está incluída no seguro básico?;Normalmente não está incluída no seguro obrigatório básico. Pode ser contratada como cobertura adicional ou dentro de um pacote mais completo.;coberturas;Atendimento/Portal;Alta;Activo;Não;
16;Coberturas;O seguro cobre quebra de vidros?;Sim, se a cobertura de quebra isolada de vidros estiver contratada. Deve verificar limites, franquias e exclusões.;coberturas;Atendimento/Portal;Alta;Activo;Não;
17;Coberturas;O seguro cobre danos causados por chuva ou inundações?;Pode cobrir se a apólice incluir fenómenos da natureza ou riscos similares. Sem essa cobertura, o sinistro pode não ser indemnizável.;coberturas;Atendimento/Portal;Alta;Activo;Não;
18;Coberturas;O seguro cobre actos de vandalismo?;A cobertura de actos maliciosos ou vandalismo deve estar expressamente contratada. Consulte as condições particulares.;coberturas;Atendimento/Portal;Alta;Activo;Não;
19;Coberturas;O seguro cobre passageiros?;Pode cobrir passageiros se houver cobertura de ocupantes ou acidentes pessoais. A responsabilidade civil pode abranger terceiros transportados conforme a lei e a apólice.;coberturas;Atendimento/Portal;Alta;Activo;Não;
20;Coberturas;O que é assistência em viagem?;É uma cobertura que presta apoio em caso de avaria, acidente, falta de combustível, reboque, desempanagem ou transporte, conforme os limites contratados.;coberturas;Atendimento/Portal;Alta;Activo;Não;
21;Coberturas;O seguro cobre avarias mecânicas?;Normalmente o seguro automóvel não cobre avarias mecânicas comuns, excepto se existir cobertura específica de garantia mecânica ou assistência limitada.;coberturas;Atendimento/Portal;Alta;Activo;Não;
22;Coberturas;O seguro cobre pneus danificados?;Pode cobrir se o dano resultar de um sinistro coberto. Desgaste normal, mau uso ou manutenção deficiente geralmente estão excluídos.;coberturas;Atendimento/Portal;Alta;Activo;Não;
23;Coberturas;O seguro cobre danos no pára-brisas?;Sim, caso tenha cobertura de vidros. Sem essa cobertura, poderá ser tratado como dano próprio se a apólice aplicável permitir.;coberturas;Atendimento/Portal;Alta;Activo;Não;
24;Coberturas;O seguro cobre danos causados por buracos na estrada?;Depende da cobertura contratada e da prova do evento. Pode ser necessário accionar danos próprios ou reclamar contra a entidade responsável pela via.;coberturas;Atendimento/Portal;Alta;Activo;Não;
25;Coberturas;Posso escolher coberturas adicionais?;Sim. Normalmente pode adicionar assistência em viagem, ocupantes, vidros, roubo, incêndio, fenómenos da natureza, viatura de substituição e outras opções.;coberturas;Atendimento/Portal;Alta;Activo;Não;
26;Coberturas;A cobertura é válida fora do país?;Depende da extensão territorial da apólice. Deve confirmar se a cobertura é válida no país de destino e solicitar carta verde ou documento equivalente quando necessário.;coberturas;Atendimento/Portal;Alta;Activo;Não;
27;Coberturas;O seguro cobre danos causados por animais?;Pode cobrir se o evento estiver enquadrado em colisão, choque ou cobertura específica. A análise depende das condições da apólice e da participação do sinistro.;coberturas;Atendimento/Portal;Alta;Activo;Não;
28;Coberturas;O seguro cobre perda de chaves?;Algumas apólices oferecem cobertura para perda, roubo ou substituição de chaves. Deve confirmar se essa garantia foi contratada.;coberturas;Atendimento/Portal;Alta;Activo;Não;
29;Coberturas;O seguro cobre acessórios do veículo?;"Acessórios de série podem estar incluídos; acessórios extras devem ser declarados e podem exigir cobertura adicional.";coberturas;Atendimento/Portal;Alta;Activo;Não;
30;Coberturas;O que é cobertura de ocupantes?;É uma garantia que indemniza condutor e/ou passageiros por morte, invalidez ou despesas médicas em consequência de acidente coberto.;coberturas;Atendimento/Portal;Alta;Activo;Não;
31;Prémio e Pagamentos;O que é o prémio do seguro?;É o valor que o segurado paga à seguradora para manter a cobertura activa durante o período contratado.;prémio,e,pagamentos,pagamento;Atendimento/Portal;Média;Activo;Não;
32;Prémio e Pagamentos;Como é calculado o prémio do seguro automóvel?;O prémio considera factores como tipo de veículo, uso, cilindrada, valor segurado, coberturas, histórico de sinistros, idade do condutor e zona de circulação.;prémio,e,pagamentos,pagamento;Atendimento/Portal;Média;Activo;Não;
33;Prémio e Pagamentos;Posso pagar o seguro em prestações?;Depende da política da seguradora. Algumas permitem pagamento anual, semestral, trimestral ou mensal, podendo existir encargos adicionais.;prémio,e,pagamentos,pagamento;Atendimento/Portal;Média;Activo;Não;
34;Prémio e Pagamentos;O que acontece se eu atrasar o pagamento?;O atraso pode causar suspensão ou cancelamento da cobertura, conforme as condições da apólice e os avisos emitidos pela seguradora.;prémio,e,pagamentos,pagamento;Atendimento/Portal;Média;Activo;Não;
35;Prémio e Pagamentos;Posso pagar por transferência bancária?;Sim, se a seguradora disponibilizar essa opção. Deve usar a referência correcta e guardar o comprovativo.;prémio,e,pagamentos,pagamento;Atendimento/Portal;Média;Activo;Não;
36;Prémio e Pagamentos;Como confirmo se o meu pagamento foi recebido?;Pode confirmar pelo portal, linha de atendimento, agente ou balcão, apresentando o comprovativo se necessário.;prémio,e,pagamentos,pagamento;Atendimento/Portal;Média;Activo;Não;
37;Prémio e Pagamentos;O prémio aumenta após um acidente?;Pode aumentar na renovação, especialmente se houver sinistros imputáveis ao segurado. Isso depende da política de bónus/malus da seguradora.;prémio,e,pagamentos,sinistro,acidente,pagamento;Atendimento/Portal;Média;Activo;Não;
38;Prémio e Pagamentos;Tenho desconto se não tiver sinistros?;Muitas seguradoras aplicam bónus por ausência de sinistros. O desconto depende do histórico e das regras comerciais.;prémio,e,pagamentos,sinistro,acidente;Atendimento/Portal;Média;Activo;Não;
39;Prémio e Pagamentos;Posso alterar a forma de pagamento?;Sim, geralmente pode solicitar alteração antes da próxima cobrança ou renovação, sujeita às regras da seguradora.;prémio,e,pagamentos,pagamento;Atendimento/Portal;Média;Activo;Não;
40;Prémio e Pagamentos;O prémio é reembolsado se eu cancelar o seguro?;Pode haver reembolso proporcional do período não usado, deduzidas taxas ou valores previstos nas condições da apólice.;prémio,e,pagamentos,pagamento;Atendimento/Portal;Média;Activo;Não;
41;Apólice e Certificados;O que é a apólice de seguro?;É o contrato que define as partes, coberturas, limites, exclusões, prémio, vigência e demais condições do seguro.;apólice,e,certificados;Atendimento/Portal;Média;Activo;Não;
42;Apólice e Certificados;O que são condições particulares?;São as informações específicas da sua apólice, como veículo segurado, coberturas contratadas, limites, franquias, prémio e vigência.;apólice,e,certificados;Atendimento/Portal;Média;Activo;Não;
43;Apólice e Certificados;O que são condições gerais?;São as regras gerais aplicáveis ao produto de seguro, incluindo direitos, deveres, exclusões, procedimentos e definições.;apólice,e,certificados;Atendimento/Portal;Média;Activo;Não;
44;Apólice e Certificados;Como obtenho a segunda via da apólice?;Pode solicitar a segunda via no balcão, agente, portal ou linha de atendimento da seguradora.;apólice,e,certificados;Atendimento/Portal;Média;Activo;Não;
45;Apólice e Certificados;O certificado de seguro substitui a apólice?;O certificado comprova a existência do seguro, mas a apólice contém as condições completas do contrato.;apólice,e,certificados;Atendimento/Portal;Média;Activo;Não;
46;Apólice e Certificados;Devo circular com o certificado de seguro?;Sim. Deve manter consigo o documento comprovativo do seguro válido, conforme exigência legal aplicável.;apólice,e,certificados;Atendimento/Portal;Média;Activo;Não;
47;Apólice e Certificados;Posso receber a apólice por e-mail?;Sim, se a seguradora disponibilizar documentos digitais. Deve confirmar se o documento contém assinatura, número de apólice e validade.;apólice,e,certificados;Atendimento/Portal;Média;Activo;Não;
48;Apólice e Certificados;Como verifico se a minha apólice está activa?;Pode verificar pela validade do certificado, portal da seguradora, contacto com o agente ou linha de atendimento.;apólice,e,certificados;Atendimento/Portal;Média;Activo;Não;
49;Apólice e Certificados;O número da apólice é importante?;Sim. O número da apólice identifica o contrato e deve ser informado em pedidos, pagamentos, renovações e sinistros.;apólice,e,certificados;Atendimento/Portal;Média;Activo;Não;
50;Apólice e Certificados;O que faço se os dados da apólice estiverem errados?;Deve solicitar correcção imediatamente e apresentar documentos que comprovem os dados correctos.;apólice,e,certificados;Atendimento/Portal;Média;Activo;Não;
51;Sinistros;O que devo fazer imediatamente após um acidente?;Garanta a segurança, sinalize o local, procure assistência médica se necessário, contacte as autoridades quando aplicável e comunique o sinistro à seguradora.;sinistros,sinistro,acidente;Atendimento/Sinistros;Alta;Activo;Não;
52;Sinistros;Qual é o prazo para comunicar um sinistro?;O prazo depende da apólice e da legislação aplicável. Recomenda-se comunicar o mais rapidamente possível, idealmente logo após o acidente.;sinistros,sinistro,acidente;Atendimento/Sinistros;Alta;Activo;Não;
53;Sinistros;Que documentos devo apresentar no sinistro?;Normalmente são necessários participação do acidente, carta de condução, livrete, apólice, fotos, dados dos envolvidos, auto policial se houver e orçamento de reparação.;sinistros,sinistro,acidente;Atendimento/Sinistros;Alta;Activo;Não;
54;Sinistros;Preciso de chamar a polícia em todos os acidentes?;Deve chamar a polícia quando houver feridos, danos relevantes, desacordo entre as partes, fuga, suspeita de álcool, falta de documentos ou exigência legal.;sinistros,sinistro,acidente;Atendimento/Sinistros;Alta;Activo;Não;
55;Sinistros;Posso reparar o carro antes da vistoria?;Não é recomendado. A seguradora pode precisar avaliar os danos antes da reparação, excepto em situações urgentes devidamente documentadas.;sinistros;Atendimento/Sinistros;Alta;Activo;Não;
56;Sinistros;Como faço a participação de sinistro?;Pode participar através do balcão, agente, call center, portal, e-mail ou aplicativo, anexando os documentos e fotos necessários.;sinistros,sinistro,acidente;Atendimento/Sinistros;Alta;Activo;Não;
57;Sinistros;O que é peritagem?;É a avaliação técnica dos danos do veículo para determinar causa, extensão, reparação necessária e valor estimado.;sinistros;Atendimento/Sinistros;Alta;Activo;Não;
58;Sinistros;Quanto tempo demora a análise do sinistro?;Depende da complexidade, documentos disponíveis, peritagem e responsabilidade. A seguradora deve informar o andamento do processo.;sinistros,sinistro,acidente;Atendimento/Sinistros;Alta;Activo;Não;
59;Sinistros;O que é franquia no sinistro?;É a parte do prejuízo que fica a cargo do segurado, quando prevista na apólice.;sinistros,sinistro,acidente;Atendimento/Sinistros;Alta;Activo;Não;
60;Sinistros;Tenho de pagar franquia em todos os sinistros?;Não necessariamente. A franquia aplica-se apenas às coberturas e situações indicadas na apólice.;sinistros,sinistro,acidente,pagamento;Atendimento/Sinistros;Alta;Activo;Não;
61;Sinistros;O seguro paga directamente à oficina?;Pode pagar directamente à oficina credenciada ou reembolsar o segurado, conforme acordo e procedimentos da seguradora.;sinistros,pagamento;Atendimento/Sinistros;Alta;Activo;Não;
62;Sinistros;Posso escolher a oficina?;Depende da seguradora e da apólice. Pode haver rede de oficinas recomendadas ou liberdade de escolha, sujeita à aprovação do orçamento.;sinistros;Atendimento/Sinistros;Alta;Activo;Não;
63;Sinistros;O que acontece se eu for culpado pelo acidente?;A responsabilidade civil pode indemnizar terceiros. Danos no seu veículo só serão cobertos se tiver cobertura aplicável, como danos próprios.;sinistros,sinistro,acidente;Atendimento/Sinistros;Alta;Activo;Não;
64;Sinistros;O que acontece se o outro condutor for culpado?;A seguradora pode reclamar contra a seguradora do responsável ou orientar o processo de indemnização, conforme o caso.;sinistros;Atendimento/Sinistros;Alta;Activo;Não;
65;Sinistros;O que é perda total?;É quando o custo de reparação é inviável ou ultrapassa o limite económico definido, podendo resultar em indemnização pelo valor acordado ou valor venal.;sinistros;Atendimento/Sinistros;Alta;Activo;Não;
66;Sinistros;Como é calculada a indemnização por perda total?;A indemnização considera o valor seguro ou valor de mercado, deduzindo franquias, salvado e demais condições previstas na apólice.;sinistros;Atendimento/Sinistros;Alta;Activo;Não;
67;Sinistros;O que é salvado?;É o veículo ou parte restante após perda total. O seu tratamento depende do acordo entre segurado e seguradora.;sinistros;Atendimento/Sinistros;Alta;Activo;Não;
68;Sinistros;Posso acompanhar o estado do sinistro?;Sim. Pode acompanhar pelo canal de atendimento, agente, portal ou número de processo atribuído.;sinistros,sinistro,acidente;Atendimento/Sinistros;Alta;Activo;Não;
69;Sinistros;O que faço se discordar da decisão do sinistro?;Pode solicitar revisão, apresentar novos documentos, pedir esclarecimentos formais ou recorrer aos canais de reclamação disponíveis.;sinistros,sinistro,acidente;Atendimento/Sinistros;Alta;Activo;Sim;reclamação/contestação de decisão
70;Sinistros;O seguro cobre despesas médicas após acidente?;Pode cobrir se houver cobertura de ocupantes, acidentes pessoais ou responsabilidade civil aplicável aos lesados.;sinistros,sinistro,acidente;Atendimento/Sinistros;Alta;Activo;Não;
71;Renovação e Cancelamento;Como renovo o seguro automóvel?;A renovação pode ser automática ou mediante pagamento do novo prémio. Deve confirmar as condições, valores e validade antes do vencimento.;renovação,e,cancelamento;Atendimento/Portal;Média;Activo;Não;
72;Renovação e Cancelamento;A seguradora avisa antes do vencimento?;Normalmente a seguradora ou intermediário envia aviso de renovação, mas o segurado deve controlar a data de validade para evitar interrupção.;renovação,e,cancelamento;Atendimento/Portal;Média;Activo;Não;
73;Renovação e Cancelamento;Posso cancelar o seguro antes do fim da vigência?;Sim, pode solicitar cancelamento, sujeito às condições contratuais e apresentação de motivo ou documentos quando exigidos.;renovação,e,cancelamento;Atendimento/Portal;Média;Activo;Não;
74;Renovação e Cancelamento;Como cancelar a apólice por venda do veículo?;Deve apresentar pedido de cancelamento e comprovativo de venda ou transferência de propriedade, conforme exigência da seguradora.;renovação,e,cancelamento;Atendimento/Portal;Média;Activo;Não;
75;Renovação e Cancelamento;O seguro renova automaticamente?;Depende do contrato e da forma de pagamento. Deve confirmar se existe renovação automática ou necessidade de pagamento manual.;renovação,e,cancelamento;Atendimento/Portal;Média;Activo;Não;
76;Renovação e Cancelamento;Posso mudar de seguradora na renovação?;Sim. Deve garantir que não haja intervalo sem cobertura entre o fim da apólice antiga e o início da nova.;renovação,e,cancelamento;Atendimento/Portal;Média;Activo;Não;
77;Renovação e Cancelamento;O que acontece se eu não renovar?;A cobertura termina na data de vencimento ou após o período previsto nas condições. Circular sem seguro válido pode gerar penalizações.;renovação,e,cancelamento;Atendimento/Portal;Média;Activo;Não;
78;Renovação e Cancelamento;Posso suspender temporariamente o seguro?;Algumas seguradoras permitem suspensão em situações específicas, como veículo parado, mediante análise e regras internas.;renovação,e,cancelamento;Atendimento/Portal;Média;Activo;Não;
79;Renovação e Cancelamento;O cancelamento tem custos?;Pode haver custos administrativos ou retenção de parte do prémio, conforme as condições da apólice.;renovação,e,cancelamento;Atendimento/Portal;Média;Activo;Não;
80;Renovação e Cancelamento;Como recebo confirmação do cancelamento?;A seguradora deve emitir comprovativo ou comunicação formal indicando a data de cancelamento e eventuais valores a regularizar.;renovação,e,cancelamento;Atendimento/Portal;Média;Activo;Não;
81;Alterações na Apólice;Como altero a matrícula na apólice?;Deve solicitar endosso à seguradora e apresentar documento actualizado do veículo com a nova matrícula.;alterações,na,apólice;Atendimento/Portal;Média;Activo;Não;
82;Alterações na Apólice;Posso transferir o seguro para outro carro?;Pode ser possível mediante endosso, análise do novo risco e ajuste do prémio.;alterações,na,apólice;Atendimento/Portal;Média;Activo;Não;
83;Alterações na Apólice;Como adiciono um condutor habitual?;Informe os dados do condutor à seguradora. A alteração pode afectar o prémio conforme idade, experiência e histórico.;alterações,na,apólice;Atendimento/Portal;Média;Activo;Não;
84;Alterações na Apólice;Posso alterar o uso do veículo de particular para comercial?;Sim, mas deve comunicar à seguradora porque o uso comercial altera o risco e pode mudar o prémio ou coberturas.;alterações,na,apólice;Atendimento/Portal;Média;Activo;Não;
85;Alterações na Apólice;Como actualizo o meu contacto telefónico?;Pode solicitar actualização no balcão, agente, portal ou linha de atendimento, para garantir recepção de avisos importantes.;alterações,na,apólice;Atendimento/Portal;Média;Activo;Não;
86;Alterações na Apólice;Como altero a morada do segurado?;Deve informar a nova morada e apresentar documento de identificação ou comprovativo quando solicitado.;alterações,na,apólice;Atendimento/Portal;Média;Activo;Não;
87;Alterações na Apólice;Posso aumentar o valor segurado?;Pode solicitar revisão do valor segurado, sujeita à avaliação da seguradora e eventual alteração do prémio.;alterações,na,apólice;Atendimento/Portal;Média;Activo;Não;
88;Alterações na Apólice;Posso reduzir coberturas durante a vigência?;Pode solicitar alteração, mas ela depende das regras da seguradora e pode gerar ajuste de prémio.;alterações,na,apólice;Atendimento/Portal;Média;Activo;Não;
89;Alterações na Apólice;O que é um endosso?;É a alteração formal feita à apólice após a emissão, como mudança de dados, coberturas, veículo ou beneficiário.;alterações,na,apólice;Atendimento/Portal;Média;Activo;Não;
90;Alterações na Apólice;Quanto tempo demora uma alteração na apólice?;Depende da alteração e dos documentos necessários. Alterações simples podem ser processadas rapidamente.;alterações,na,apólice;Atendimento/Portal;Média;Activo;Não;
91;Franquias e Exclusões;O que é franquia?;É o valor ou percentagem que o segurado suporta em caso de sinistro coberto, conforme definido na apólice.;franquias,e,exclusões;Atendimento/Portal;Alta;Activo;Não;
92;Franquias e Exclusões;Onde vejo o valor da franquia?;A franquia aparece nas condições particulares ou no quadro de coberturas da apólice.;franquias,e,exclusões;Atendimento/Portal;Alta;Activo;Não;
93;Franquias e Exclusões;O que são exclusões?;São situações que a apólice não cobre, como condução sem carta válida, uso indevido, dolo, competição não autorizada ou falta de manutenção.;franquias,e,exclusões;Atendimento/Portal;Alta;Activo;Não;
94;Franquias e Exclusões;O seguro cobre acidente com condutor sem carta?;Normalmente não cobre ou pode permitir direito de regresso contra o segurado, porque conduzir sem carta válida é uma exclusão comum.;franquias,e,exclusões,sinistro,acidente;Atendimento/Portal;Alta;Activo;Não;
95;Franquias e Exclusões;O seguro cobre acidente sob efeito de álcool?;Pode ser excluído ou gerar direito de regresso, dependendo da lei e das condições da apólice.;franquias,e,exclusões,sinistro,acidente;Atendimento/Portal;Alta;Activo;Não;
96;Franquias e Exclusões;O seguro cobre uso em corridas?;Geralmente não cobre participação em corridas, provas, treinos ou competições, salvo cobertura específica.;franquias,e,exclusões;Atendimento/Portal;Alta;Activo;Não;
97;Franquias e Exclusões;O seguro cobre desgaste natural?;Não. Desgaste, envelhecimento, corrosão e falta de manutenção não são considerados sinistros cobertos.;franquias,e,exclusões;Atendimento/Portal;Alta;Activo;Não;
98;Franquias e Exclusões;O seguro cobre danos intencionais?;Danos causados intencionalmente pelo segurado ou por pessoa com o seu consentimento normalmente estão excluídos.;franquias,e,exclusões;Atendimento/Portal;Alta;Activo;Não;
99;Franquias e Exclusões;O seguro cobre transporte de carga perigosa?;Somente se declarado e aceite pela seguradora. Omissão desse uso pode invalidar a cobertura.;franquias,e,exclusões;Atendimento/Portal;Alta;Activo;Não;
100;Franquias e Exclusões;A seguradora pode recusar indemnização?;Sim, se o sinistro estiver excluído, houver falta de cobertura, informações falsas, prémio em atraso ou incumprimento de deveres do segurado.;franquias,e,exclusões;Atendimento/Portal;Alta;Activo;Sim;análise contratual/exclusões de cobertura
101;Assistência em Viagem;Como solicito assistência em viagem?;Contacte a linha de assistência indicada na apólice ou cartão de assistência, informando localização, matrícula, número da apólice e tipo de problema.;assistência,em,viagem;Linha de Assistência;Alta;Activo;Não;
102;Assistência em Viagem;A assistência em viagem funciona 24 horas?;Normalmente sim, mas deve confirmar as condições do serviço contratado e a área geográfica abrangida.;assistência,em,viagem;Linha de Assistência;Alta;Activo;Não;
103;Assistência em Viagem;A assistência cobre reboque?;Sim, se a cobertura estiver activa, dentro dos limites de distância, valor ou eventos previstos.;assistência,em,viagem;Linha de Assistência;Alta;Activo;Não;
104;Assistência em Viagem;A assistência cobre falta de combustível?;Pode cobrir envio de combustível ou reboque, mas o custo do combustível pode ficar a cargo do segurado.;assistência,em,viagem;Linha de Assistência;Alta;Activo;Não;
105;Assistência em Viagem;A assistência cobre pneu furado?;Pode incluir troca de pneu, desempanagem ou reboque, conforme condições e disponibilidade.;assistência,em,viagem;Linha de Assistência;Alta;Activo;Não;
106;Assistência em Viagem;A assistência cobre bateria descarregada?;Pode incluir tentativa de arranque, substituição ou reboque, dependendo do plano contratado.;assistência,em,viagem;Linha de Assistência;Alta;Activo;Não;
107;Assistência em Viagem;Posso pedir assistência se o carro estiver em casa?;"Depende da cobertura. Algumas assistências incluem domicílio; outras apenas funcionam a partir de certa distância da residência.";assistência,em,viagem;Linha de Assistência;Alta;Activo;Não;
108;Assistência em Viagem;A assistência fornece viatura de substituição?;Só se a cobertura estiver contratada e dentro dos limites de dias, disponibilidade e condições aplicáveis.;assistência,em,viagem;Linha de Assistência;Alta;Activo;Não;
109;Assistência em Viagem;A assistência cobre transporte dos passageiros?;Pode cobrir transporte ou alojamento dos ocupantes quando o veículo fica imobilizado, conforme limites contratados.;assistência,em,viagem;Linha de Assistência;Alta;Activo;Não;
110;Assistência em Viagem;O que devo informar ao pedir assistência?;Informe nome, matrícula, número da apólice, localização exacta, contacto, descrição do problema e número de ocupantes.;assistência,em,viagem;Linha de Assistência;Alta;Activo;Não;
111;Indemnizações;Como recebo a indemnização?;A indemnização pode ser paga por transferência bancária, cheque ou pagamento directo à oficina, conforme o processo aprovado.;indemnizações;Atendimento/Portal;Alta;Activo;Não;
112;Indemnizações;Que dados bancários são necessários para indemnização?;Geralmente são necessários nome do titular, banco, número de conta ou IBAN quando aplicável e documento de identificação.;indemnizações;Atendimento/Portal;Alta;Activo;Não;
113;Indemnizações;A indemnização pode ser paga a outra pessoa?;Pode ser possível mediante autorização formal, procuração ou documentação exigida pela seguradora.;indemnizações,pagamento;Atendimento/Portal;Alta;Activo;Não;
114;Indemnizações;O que pode atrasar a indemnização?;Falta de documentos, divergência de responsabilidade, necessidade de peritagem, investigação adicional ou dados bancários incorrectos podem atrasar o pagamento.;indemnizações;Atendimento/Portal;Alta;Activo;Não;
115;Indemnizações;A indemnização inclui IVA?;Depende do enquadramento fiscal, tipo de reparação, beneficiário e documentos apresentados.;indemnizações;Atendimento/Portal;Alta;Activo;Não;
116;Indemnizações;A seguradora paga valor novo ou valor de mercado?;Depende da cobertura. Normalmente considera valor seguro, valor venal ou valor de mercado, conforme a apólice.;indemnizações,pagamento;Atendimento/Portal;Alta;Activo;Não;
117;Indemnizações;O que é sub-rogação?;É o direito da seguradora de recuperar junto do responsável os valores pagos ao segurado ou terceiro.;indemnizações;Atendimento/Portal;Alta;Activo;Não;
118;Indemnizações;Posso receber em dinheiro e não reparar o carro?;Depende da política da seguradora e do tipo de sinistro. Em alguns casos pode haver pagamento directo ao segurado.;indemnizações;Atendimento/Portal;Alta;Activo;Não;
119;Indemnizações;Como sei o valor aprovado para reparação?;A seguradora comunica o orçamento aprovado após peritagem e validação da cobertura.;indemnizações;Atendimento/Portal;Alta;Activo;Não;
120;Indemnizações;A indemnização pode ser parcial?;Sim, pode haver indemnização parcial quando apenas parte dos danos está coberta ou quando há aplicação de franquia e limites.;indemnizações;Atendimento/Portal;Alta;Activo;Não;
121;Terceiros e Responsabilidade Civil;Quem é considerado terceiro no seguro automóvel?;Terceiro é a pessoa ou entidade que sofre dano causado pelo veículo segurado, não sendo o próprio segurado nos termos da cobertura contratada.;terceiros,e,responsabilidade;Atendimento/Portal;Alta;Activo;Não;
122;Terceiros e Responsabilidade Civil;O seguro indemniza terceiros mesmo se eu for culpado?;Sim, a responsabilidade civil tem precisamente a função de indemnizar terceiros lesados quando o segurado é responsável, dentro dos limites da apólice.;terceiros,e,responsabilidade;Atendimento/Portal;Alta;Activo;Não;
123;Terceiros e Responsabilidade Civil;O terceiro deve participar o sinistro à minha seguradora?;Pode participar directamente à sua seguradora ou por intermédio do segurado, apresentando documentos e provas do acidente.;terceiros,e,responsabilidade,sinistro,acidente;Atendimento/Portal;Alta;Activo;Não;
124;Terceiros e Responsabilidade Civil;O que acontece se o terceiro não tiver seguro?;A falta de seguro do terceiro não impede a análise da responsabilidade. Se ele for culpado, pode haver cobrança directa ou mecanismos legais aplicáveis.;terceiros,e,responsabilidade;Atendimento/Portal;Alta;Activo;Não;
125;Terceiros e Responsabilidade Civil;Posso tratar directamente com o terceiro sem envolver a seguradora?;Não é recomendado. Deve comunicar o sinistro à seguradora para evitar problemas futuros e garantir análise adequada.;terceiros,e,responsabilidade;Atendimento/Portal;Alta;Activo;Não;
126;Terceiros e Responsabilidade Civil;A responsabilidade civil cobre danos materiais?;Sim, cobre danos materiais causados a terceiros, dentro dos limites contratados.;terceiros,e,responsabilidade;Atendimento/Portal;Alta;Activo;Não;
127;Terceiros e Responsabilidade Civil;A responsabilidade civil cobre danos corporais?;Sim, cobre danos corporais a terceiros, dentro dos limites legais e contratuais.;terceiros,e,responsabilidade;Atendimento/Portal;Alta;Activo;Não;
128;Terceiros e Responsabilidade Civil;A seguradora pode cobrar de mim o que pagou ao terceiro?;Pode exercer direito de regresso em casos previstos, como condução sob álcool, sem carta, dolo ou outras violações graves.;terceiros,e,responsabilidade,pagamento;Atendimento/Portal;Alta;Activo;Sim;jurídico/sub-rogação ou direito de regresso
129;Terceiros e Responsabilidade Civil;O seguro cobre danos em propriedade pública?;Sim, se forem danos causados a terceiros, como postes, sinais ou barreiras, dentro das condições da apólice.;terceiros,e,responsabilidade;Atendimento/Portal;Alta;Activo;Não;
130;Terceiros e Responsabilidade Civil;O que devo fazer se receber reclamação de um terceiro?;Encaminhe imediatamente a reclamação à seguradora e evite assumir responsabilidades sem orientação formal.;terceiros,e,responsabilidade;Atendimento/Portal;Alta;Activo;Não;
131;Roubo e Furto;O que devo fazer se o veículo for roubado?;Deve apresentar queixa às autoridades imediatamente e comunicar o sinistro à seguradora, anexando a participação policial e documentos da viatura.;roubo,e,furto;Atendimento/Sinistros;Alta;Activo;Não;
132;Roubo e Furto;Qual é o prazo para comunicar roubo?;Comunique o mais rapidamente possível. A apólice pode definir prazo específico para participação de roubo ou furto.;roubo,e,furto;Atendimento/Sinistros;Alta;Activo;Não;
133;Roubo e Furto;A seguradora espera algum prazo antes de indemnizar roubo?;Pode existir período de espera para recuperação do veículo, conforme as condições da apólice.;roubo,e,furto;Atendimento/Sinistros;Alta;Activo;Não;
134;Roubo e Furto;O seguro cobre objectos deixados dentro do carro?;Normalmente não cobre bens pessoais dentro do veículo, salvo cobertura específica.;roubo,e,furto;Atendimento/Sinistros;Alta;Activo;Não;
135;Roubo e Furto;O que acontece se o veículo roubado for recuperado?;A seguradora avaliará danos e estado do veículo. Se a indemnização já tiver sido paga, aplicam-se as regras sobre salvado e propriedade.;roubo,e,furto;Atendimento/Sinistros;Alta;Activo;Sim;indemnização/recuperação de veículo roubado
136;Roubo e Furto;A cobertura de roubo exige alarme?;Pode exigir dispositivos de segurança dependendo do valor do veículo e das regras de aceitação da seguradora.;roubo,e,furto;Atendimento/Sinistros;Alta;Activo;Não;
137;Roubo e Furto;O seguro cobre roubo de rádio ou acessórios?;Pode cobrir se acessórios estiverem declarados e se a cobertura incluir furto parcial.;roubo,e,furto;Atendimento/Sinistros;Alta;Activo;Não;
138;Roubo e Furto;Tenho de entregar as chaves em caso de roubo?;A seguradora pode solicitar todas as chaves disponíveis, documentos e comprovativos para análise do sinistro.;roubo,e,furto;Atendimento/Sinistros;Alta;Activo;Não;
139;Roubo e Furto;Roubo e furto são a mesma coisa?;"Não necessariamente. Roubo envolve violência ou ameaça; furto ocorre sem violência. A cobertura deve indicar quais eventos estão abrangidos.";roubo,e,furto;Atendimento/Sinistros;Alta;Activo;Não;
140;Roubo e Furto;O seguro cobre tentativa de roubo?;Pode cobrir danos resultantes de tentativa de roubo, como fechaduras ou vidros partidos, se a cobertura estiver contratada.;roubo,e,furto;Atendimento/Sinistros;Alta;Activo;Não;
141;Vidros, Acessórios e Equipamentos;A quebra de vidro afecta o bónus?;Depende da política da seguradora. Em algumas apólices, sinistros de vidros podem não afectar o bónus.;vidros,acessórios,e;Atendimento/Portal;Média;Activo;Não;
142;Vidros, Acessórios e Equipamentos;Posso substituir o vidro em qualquer oficina?;A seguradora pode indicar oficinas parceiras para reparação de vidros. Fora da rede, pode ser necessária autorização prévia.;vidros,acessórios,e;Atendimento/Portal;Média;Activo;Não;
143;Vidros, Acessórios e Equipamentos;O seguro cobre película nos vidros?;Normalmente acessórios não originais precisam estar declarados. A película pode não estar coberta se não constar da apólice.;vidros,acessórios,e;Atendimento/Portal;Média;Activo;Não;
144;Vidros, Acessórios e Equipamentos;O seguro cobre jantes especiais?;Se as jantes forem acessórios adicionais, devem ser declaradas para estarem cobertas.;vidros,acessórios,e;Atendimento/Portal;Média;Activo;Não;
145;Vidros, Acessórios e Equipamentos;O seguro cobre sistema de som instalado depois da compra?;Pode cobrir se declarado como acessório e aceite pela seguradora.;vidros,acessórios,e;Atendimento/Portal;Média;Activo;Não;
146;Vidros, Acessórios e Equipamentos;Como declaro acessórios extras?;Informe a seguradora, apresente facturas ou fotos e solicite inclusão por endosso.;vidros,acessórios,e;Atendimento/Portal;Média;Activo;Não;
147;Vidros, Acessórios e Equipamentos;A cobertura de vidros tem franquia?;Pode ter ou não, dependendo da apólice. Confirme nas condições particulares.;vidros,acessórios,e;Atendimento/Portal;Média;Activo;Não;
148;Vidros, Acessórios e Equipamentos;O seguro cobre faróis e espelhos?;Pode cobrir se o dano resultar de sinistro abrangido. Quebra isolada pode exigir cobertura específica.;vidros,acessórios,e;Atendimento/Portal;Média;Activo;Não;
149;Vidros, Acessórios e Equipamentos;O seguro cobre danos em matrícula?;"Pode cobrir se decorrer de sinistro coberto; substituições por desgaste ou perda podem estar excluídas.";vidros,acessórios,e;Atendimento/Portal;Média;Activo;Não;
150;Vidros, Acessórios e Equipamentos;O seguro cobre capota ou tejadilho panorâmico?;Pode cobrir como parte do veículo se estiver incluído no valor segurado e o risco estiver coberto.;vidros,acessórios,e;Atendimento/Portal;Média;Activo;Não;
151;Uso do Veículo;Posso usar o carro segurado para transporte remunerado?;Somente se esse uso estiver declarado e aceite. Uso remunerado sem comunicação pode invalidar cobertura.;uso,do,veículo;Atendimento/Portal;Média;Activo;Não;
152;Uso do Veículo;O seguro particular cobre uso em táxi?;Não. Táxi ou transporte remunerado exige seguro adequado ao uso profissional.;uso,do,veículo;Atendimento/Portal;Média;Activo;Não;
153;Uso do Veículo;O seguro cobre carro usado para entregas?;Deve comunicar esse uso à seguradora. Entregas podem alterar o risco e exigir cobertura específica.;uso,do,veículo;Atendimento/Portal;Média;Activo;Não;
154;Uso do Veículo;Posso emprestar o carro a outra pessoa?;Pode, mas o condutor deve estar legalmente habilitado. Algumas apólices têm restrições para condutores jovens ou não declarados.;uso,do,veículo;Atendimento/Portal;Média;Activo;Não;
155;Uso do Veículo;O seguro cobre condutor diferente do habitual?;Depende da apólice. Pode cobrir, mas restrições podem aplicar-se se o condutor não estiver declarado.;uso,do,veículo;Atendimento/Portal;Média;Activo;Não;
156;Uso do Veículo;O seguro cobre aulas de condução?;Apenas se o veículo estiver segurado para esse fim. Uso de escola de condução exige cobertura própria.;uso,do,veículo;Atendimento/Portal;Média;Activo;Não;
157;Uso do Veículo;O seguro cobre veículo em serviço público?;Somente se a apólice tiver sido emitida para esse uso. Serviço público altera a avaliação de risco.;uso,do,veículo;Atendimento/Portal;Média;Activo;Não;
158;Uso do Veículo;Preciso informar se o carro passa a circular noutra província?;É recomendável informar, especialmente se a mudança for permanente, pois a zona de circulação pode afectar o risco.;uso,do,veículo;Atendimento/Portal;Média;Activo;Não;
159;Uso do Veículo;O seguro cobre veículo parado na garagem?;Pode cobrir riscos contratados como incêndio, roubo ou fenómenos da natureza, mesmo com o veículo parado.;uso,do,veículo;Atendimento/Portal;Média;Activo;Não;
160;Uso do Veículo;O seguro cobre veículo usado em obras?;Uso em obras ou locais de risco deve ser declarado e pode exigir condições específicas.;uso,do,veículo;Atendimento/Portal;Média;Activo;Não;
161;Reclamações e Atendimento;Como faço uma reclamação à seguradora?;Pode apresentar reclamação por escrito no balcão, e-mail, portal ou livro de reclamações, indicando número da apólice e descrição do problema.;reclamações,e,atendimento;Atendimento/Reclamações;Média;Activo;Não;
162;Reclamações e Atendimento;Que informação devo incluir na reclamação?;Inclua dados do segurado, número da apólice, número do sinistro quando houver, datas, factos, documentos e contacto actualizado.;reclamações,e,atendimento;Atendimento/Reclamações;Média;Activo;Não;
163;Reclamações e Atendimento;Em quanto tempo a seguradora responde a uma reclamação?;O prazo depende das normas aplicáveis e procedimentos internos. A seguradora deve acusar recepção e responder formalmente.;reclamações,e,atendimento;Atendimento/Reclamações;Média;Activo;Não;
164;Reclamações e Atendimento;Posso pedir revisão de prémio?;Sim. Pode solicitar reavaliação do prémio, especialmente se houver alteração de risco, bónus ou coberturas.;reclamações,e,atendimento,pagamento;Atendimento/Reclamações;Média;Activo;Não;
165;Reclamações e Atendimento;Como actualizo os meus dados de contacto?;Solicite a actualização pelos canais oficiais e confirme que telefone, e-mail e morada ficaram correctamente registados.;reclamações,e,atendimento;Atendimento/Reclamações;Média;Activo;Não;
166;Reclamações e Atendimento;Posso falar com o meu mediador sobre um sinistro?;Sim. O mediador pode orientar o processo, mas a decisão de cobertura cabe à seguradora.;reclamações,e,atendimento,sinistro,acidente;Atendimento/Reclamações;Média;Activo;Não;
167;Reclamações e Atendimento;Como obtenho declaração de sinistralidade?;Solicite à seguradora uma declaração com o histórico de sinistros, normalmente usada para contratação noutra seguradora.;reclamações,e,atendimento;Atendimento/Reclamações;Média;Activo;Não;
168;Reclamações e Atendimento;Como faço elogio ou sugestão?;Pode enviar sugestão pelos canais de atendimento, formulário online ou contacto do mediador.;reclamações,e,atendimento;Atendimento/Reclamações;Média;Activo;Não;
169;Reclamações e Atendimento;O que faço se não conseguir contactar a assistência?;Tente os números alternativos indicados na apólice e registe as tentativas. Em emergência, priorize segurança e guarde comprovativos.;reclamações,e,atendimento;Atendimento/Reclamações;Média;Activo;Não;
170;Reclamações e Atendimento;Como protejo os meus dados pessoais no atendimento?;Use apenas canais oficiais, evite enviar documentos por meios não seguros e confirme a identidade de quem solicita informação.;reclamações,e,atendimento;Atendimento/Reclamações;Média;Activo;Não;
171;Condução e Segurança;O seguro exige inspecção válida do veículo?;A falta de inspecção obrigatória pode afectar a cobertura se estiver relacionada com o acidente ou for exigência legal.;condução,e,segurança;Atendimento/Portal;Média;Activo;Não;
172;Condução e Segurança;O seguro cobre acidente causado por falha de travões?;Pode ser recusado se a falha resultar de falta de manutenção. Se for evento súbito e comprovado, a análise dependerá da apólice.;condução,e,segurança,sinistro,acidente;Atendimento/Portal;Média;Activo;Não;
173;Condução e Segurança;Devo comunicar alterações no veículo?;Sim. Alterações como motor, cor, uso, acessórios ou blindagem devem ser informadas à seguradora.;condução,e,segurança;Atendimento/Portal;Média;Activo;Não;
174;Condução e Segurança;O seguro cobre acidente com excesso de lotação?;Pode haver exclusão ou limitação se o excesso de lotação contribuir para o acidente ou violar a lei.;condução,e,segurança,sinistro,acidente;Atendimento/Portal;Média;Activo;Não;
175;Condução e Segurança;O seguro cobre acidente sem cinto de segurança?;A falta de cinto pode influenciar indemnizações por danos corporais e responsabilidade, conforme o caso.;condução,e,segurança,sinistro,acidente;Atendimento/Portal;Média;Activo;Não;
176;Condução e Segurança;O seguro cobre condução por menor de idade?;Normalmente não, por falta de habilitação legal, podendo gerar recusa ou direito de regresso.;condução,e,segurança;Atendimento/Portal;Média;Activo;Não;
177;Condução e Segurança;O seguro cobre acidente por excesso de velocidade?;Pode haver exclusões ou direito de regresso se houver infracção grave e nexo com o acidente.;condução,e,segurança,sinistro,acidente;Atendimento/Portal;Média;Activo;Não;
178;Condução e Segurança;O que devo fazer antes de uma viagem longa?;Verifique validade do seguro, pneus, travões, luzes, óleo, documentos, contactos de assistência e cobertura territorial.;condução,e,segurança;Atendimento/Portal;Média;Activo;Não;
179;Condução e Segurança;O seguro cobre acidentes em estradas não pavimentadas?;Depende da apólice. Algumas coberturas excluem uso fora de vias adequadas ou em condições extremas.;condução,e,segurança,sinistro,acidente;Atendimento/Portal;Média;Activo;Não;
180;Condução e Segurança;A manutenção do veículo influencia o seguro?;Sim. Falta de manutenção pode agravar riscos e ser motivo de recusa quando contribui para o sinistro.;condução,e,segurança;Atendimento/Portal;Média;Activo;Não;
181;Empresas e Frotas;O que é seguro de frota automóvel?;É uma solução para segurar vários veículos de uma empresa numa mesma apólice ou programa, com gestão centralizada.;empresas,e,frotas;Gestor Comercial;Média;Activo;Não;
182;Empresas e Frotas;Quais documentos são necessários para frota?;São necessários documentos da empresa, lista de veículos, dados de utilização, condutores habituais quando aplicável e histórico de sinistros.;empresas,e,frotas;Gestor Comercial;Média;Activo;Não;
183;Empresas e Frotas;A empresa pode ter uma apólice para todos os veículos?;Sim, dependendo da seguradora. A apólice de frota pode simplificar renovação, pagamento e gestão de sinistros.;empresas,e,frotas;Gestor Comercial;Média;Activo;Não;
184;Empresas e Frotas;Como incluir novo veículo na frota?;A empresa deve comunicar os dados do veículo e solicitar inclusão por endosso antes de iniciar a circulação.;empresas,e,frotas;Gestor Comercial;Média;Activo;Não;
185;Empresas e Frotas;Como remover veículo vendido da frota?;Solicite exclusão por endosso e apresente comprovativo de venda ou transferência quando exigido.;empresas,e,frotas;Gestor Comercial;Média;Activo;Não;
186;Empresas e Frotas;A frota tem desconto?;Pode ter condições comerciais diferenciadas conforme número de veículos, tipo de uso e sinistralidade.;empresas,e,frotas;Gestor Comercial;Média;Activo;Não;
187;Empresas e Frotas;Como controlar sinistros da frota?;A seguradora pode fornecer relatórios de sinistralidade por veículo, condutor, data, custo e tipo de evento.;empresas,e,frotas,sinistro,acidente;Gestor Comercial;Média;Activo;Não;
188;Empresas e Frotas;O seguro de frota cobre motoristas diferentes?;Sim, normalmente cobre múltiplos condutores, mas devem respeitar a lei e as restrições da apólice.;empresas,e,frotas;Gestor Comercial;Média;Activo;Não;
189;Empresas e Frotas;A frota pode incluir motos e viaturas ligeiras?;Pode incluir diferentes tipos de veículos, desde que a seguradora aceite e classifique correctamente os riscos.;empresas,e,frotas;Gestor Comercial;Média;Activo;Não;
190;Empresas e Frotas;Empresas precisam de cobertura para mercadorias transportadas?;Sim, se quiserem proteger mercadorias. O seguro automóvel geralmente não cobre carga sem cobertura específica.;empresas,e,frotas;Gestor Comercial;Média;Activo;Não;
191;Canais Digitais;Posso consultar a minha apólice pelo portal?;Sim, se a seguradora disponibilizar portal ou aplicativo. Normalmente pode consultar apólice, certificados, pagamentos, sinistros e dados pessoais.;canais,digitais;Portal/App/Chatbot;Baixa;Activo;Não;
192;Canais Digitais;Como recupero o acesso ao portal da seguradora?;Use a opção de recuperação de senha ou contacte o atendimento. Poderá ser necessário confirmar identidade e dados da apólice.;canais,digitais;Portal/App/Chatbot;Baixa;Activo;Não;
193;Canais Digitais;Posso participar sinistro pelo aplicativo?;Sim, se o aplicativo tiver essa funcionalidade. Anexe fotos, documentos e descreva o acidente com data, hora e local.;canais,digitais,sinistro,acidente;Portal/App/Chatbot;Baixa;Activo;Não;
194;Canais Digitais;É seguro enviar documentos por WhatsApp?;Use apenas números oficiais da seguradora ou mediador. Evite enviar dados sensíveis para contactos não verificados.;canais,digitais;Portal/App/Chatbot;Baixa;Activo;Não;
195;Canais Digitais;Recebi um link de pagamento do seguro. O que devo verificar?;Confirme se o link é oficial, se o beneficiário é a seguradora ou parceiro autorizado e se o valor corresponde ao prémio informado.;canais,digitais,pagamento;Portal/App/Chatbot;Baixa;Activo;Não;
196;Canais Digitais;Posso receber alertas de vencimento por SMS?;Sim, quando a seguradora disponibiliza esse serviço. Mantenha o número de telefone actualizado para não perder avisos.;canais,digitais;Portal/App/Chatbot;Baixa;Activo;Não;
197;Canais Digitais;Como envio fotos do acidente correctamente?;Fotografe os danos, posição dos veículos, matrícula, local, sinais de trânsito e documentos relevantes, sem colocar a sua segurança em risco.;canais,digitais,sinistro,acidente;Portal/App/Chatbot;Baixa;Activo;Não;
198;Canais Digitais;Posso assinar documentos do seguro digitalmente?;Pode ser possível se a seguradora aceitar assinatura digital ou confirmação electrónica, conforme os seus procedimentos.;canais,digitais;Portal/App/Chatbot;Baixa;Activo;Não;
199;Canais Digitais;Como identifico mensagens falsas em nome da seguradora?;Desconfie de links estranhos, erros de escrita, urgência excessiva, pedidos de senha ou pagamentos para contas desconhecidas.;canais,digitais;Portal/App/Chatbot;Baixa;Activo;Sim;fraude/phishing/segurança da informação
200;Canais Digitais;O chatbot da seguradora substitui o atendimento humano?;O chatbot ajuda em dúvidas frequentes e pedidos simples, mas situações complexas, reclamações e sinistros sensíveis devem ser encaminhados para atendimento humano.;canais,digitais;Portal/App/Chatbot;Baixa;Activo;Não;
